id,xa,ya,xb,yb,w,h
1,663290.5,6862779.0,663303.3,6862901.0,7.5,6.9
2,663300.5,6862901.0,663283.7,6862780.0,7.5,6.9
3,663283.7,6862780.0,663180.3,6862810.0,7.5,6.9
4,663560.2,6862817.0,663511.2,6862669.0,7.5,6.9
5,663511.2,6862669.0,663399.8,6862726.0,7.5,6.9
6,661969.0,6862970.0,662025.2,6862782.0,41.0,10.2
7,663367.2,6862632.0,663399.8,6862726.0,7.5,6.9
8,663283.7,6862780.0,663367.2,6862632.0,7.5,6.9
9,663642.5,6862605.0,663686.7,6862755.0,7.5,6.9
10,663642.5,6862605.0,663511.2,6862669.0,7.5,6.9
11,663283.7,6862780.0,663212.3,6862595.0,7.5,6.9
12,663212.3,6862595.0,663028.5,6862642.0,7.5,6.9
13,663028.4,6862640.0,663210.2,6862591.0,7.5,6.9
14,662796.4,6862600.0,662733.1,6862713.0,7.5,6.9
15,662776.2,6862580.0,662796.4,6862600.0,7.5,6.9
16,662795.3,6862601.0,662774.4,6862581.0,7.5,6.9
17,664117.2,6862576.0,664192.5,6862623.0,7.5,6.9
18,664191.4,6862626.0,664115.9,6862579.0,7.5,6.9
19,663511.2,6862669.0,663477.2,6862564.0,7.5,6.9
20,663273.0,6862570.0,663210.9,6862592.0,7.5,6.9
21,663212.3,6862595.0,663272.4,6862568.0,7.5,6.9
22,663611.2,6862498.0,663642.5,6862605.0,7.5,6.9
23,663337.6,6862545.0,663367.2,6862632.0,7.5,6.9
24,663339.1,6862545.0,663273.0,6862570.0,7.5,6.9
25,663272.4,6862568.0,663337.6,6862545.0,7.5,6.9
26,663828.0,6862676.0,663780.3,6862536.0,7.5,6.9
27,662803.3,6862536.0,662776.2,6862580.0,7.5,6.9
28,662774.4,6862581.0,662799.1,6862534.0,7.5,6.9
29,663611.2,6862498.0,663477.2,6862564.0,7.5,6.9
30,663477.2,6862564.0,663444.6,6862479.0,7.5,6.9
31,663989.3,6862475.0,664117.2,6862576.0,7.5,6.9
32,664115.9,6862579.0,663986.2,6862482.0,7.5,6.9
33,663986.8,6862595.0,663986.2,6862482.0,7.5,6.9
34,663212.3,6862595.0,663155.6,6862463.0,7.5,6.9
35,663986.2,6862482.0,663944.7,6862450.0,7.5,6.9
36,663944.7,6862450.0,663839.5,6862677.0,7.5,6.9
37,663944.7,6862450.0,663780.3,6862536.0,7.5,6.9
38,662568.6,6862458.0,662640.0,6862484.0,7.5,6.9
39,662639.3,6862486.0,662571.1,6862458.0,7.5,6.9
40,662571.1,6862458.0,662511.7,6862635.0,7.5,6.9
41,662554.4,6862495.0,662568.6,6862458.0,7.5,6.9
42,662508.8,6862634.0,662554.4,6862495.0,7.5,6.9
43,663111.0,6862364.0,663155.9,6862459.0,7.5,6.9
44,663155.6,6862463.0,663108.5,6862367.0,7.5,6.9
45,662248.4,6862450.0,662229.4,6862466.0,7.5,6.9
46,662228.3,6862461.0,662244.2,6862444.0,7.5,6.9
47,662656.7,6862434.0,662639.3,6862486.0,7.5,6.9
48,662640.0,6862484.0,662654.3,6862434.0,7.5,6.9
49,663780.3,6862536.0,663742.0,6862434.0,7.5,6.9
50,663742.0,6862434.0,663697.7,6862457.0,7.5,6.9
51,663696.6,6862454.0,663739.1,6862430.0,7.5,6.9
52,663990.7,6862433.0,663989.3,6862475.0,7.5,6.9
53,663944.7,6862450.0,663990.7,6862433.0,7.5,6.9
54,662448.2,6862607.0,662494.0,6862436.0,7.5,6.9
55,662469.1,6862425.0,662495.7,6862432.0,7.5,6.9
56,662494.0,6862436.0,662468.2,6862428.0,7.5,6.9
57,663226.6,6862422.0,663272.5,6862567.0,7.5,6.9
58,663155.6,6862463.0,663226.6,6862422.0,7.5,6.9
59,664036.3,6862415.0,664116.7,6862575.0,7.5,6.9
60,664010.0,6862429.0,664003.5,6862443.0,7.5,6.9
61,664037.0,6862417.0,664010.0,6862429.0,7.5,6.9
62,663990.7,6862433.0,664036.3,6862415.0,7.5,6.9
63,662663.6,6862409.0,662741.5,6862429.0,7.5,6.9
64,662740.7,6862431.0,662664.3,6862410.0,7.5,6.9
65,664138.9,6862385.0,664037.0,6862417.0,7.5,6.9
66,664036.3,6862415.0,664138.1,6862383.0,7.5,6.9
67,664156.3,6862384.0,664138.9,6862385.0,7.5,6.9
68,664138.1,6862383.0,664156.0,6862381.0,7.5,6.9
69,663579.1,6862386.0,663611.2,6862498.0,7.5,6.9
70,664209.0,6862371.0,664156.3,6862384.0,7.5,6.9
71,664156.0,6862381.0,664208.1,6862368.0,7.5,6.9
72,663302.0,6862372.0,663339.1,6862545.0,7.5,6.9
73,663337.6,6862545.0,663302.9,6862371.0,7.5,6.9
74,663226.6,6862422.0,663302.0,6862372.0,7.5,6.9
75,664250.4,6862361.0,664209.0,6862371.0,7.5,6.9
76,664208.1,6862368.0,664251.6,6862357.0,7.5,6.9
77,663969.5,6862333.0,663990.7,6862433.0,7.5,6.9
78,663742.0,6862434.0,663707.1,6862324.0,7.5,6.9
79,663579.1,6862386.0,663707.1,6862324.0,7.5,6.9
80,663289.9,6862318.0,663304.3,6862371.0,7.5,6.9
81,663302.9,6862371.0,663288.1,6862319.0,7.5,6.9
82,663444.6,6862479.0,663394.3,6862319.0,7.5,6.9
83,663302.9,6862371.0,663394.3,6862319.0,7.5,6.9
84,663552.8,6862219.0,663445.4,6862472.0,7.5,6.9
85,663444.6,6862479.0,663552.8,6862219.0,7.5,6.9
86,664138.1,6862383.0,664122.9,6862288.0,7.5,6.9
87,664202.6,6862348.0,664207.6,6862366.0,7.5,6.9
88,664185.3,6862279.0,664202.6,6862348.0,7.5,6.9
89,664186.2,6862277.0,664123.2,6862287.0,7.5,6.9
90,664122.9,6862288.0,664185.3,6862279.0,7.5,6.9
91,663923.7,6862405.0,663944.7,6862450.0,7.5,6.9
92,663848.7,6862266.0,663923.7,6862405.0,7.5,6.9
93,663394.3,6862319.0,663552.8,6862219.0,7.5,6.9
94,662982.8,6862095.0,663268.2,6862260.0,7.5,6.9
95,663269.5,6862260.0,662983.0,6862096.0,7.5,6.9
96,663318.6,6862230.0,663269.5,6862260.0,7.5,6.9
97,663905.3,6862233.0,663848.7,6862266.0,7.5,6.9
98,663845.3,6862263.0,663904.3,6862231.0,7.5,6.9
99,663707.1,6862324.0,663552.8,6862219.0,8.5,6.9
100,664122.9,6862288.0,664108.3,6862212.0,7.5,6.9
101,664173.9,6862202.0,664186.2,6862277.0,7.5,6.9
102,664174.0,6862203.0,664109.2,6862210.0,7.5,6.9
103,664108.3,6862212.0,664173.9,6862202.0,7.5,6.9
104,664215.7,6862191.0,664174.0,6862203.0,7.5,6.9
105,664173.9,6862202.0,664215.4,6862189.0,7.5,6.9
106,663798.9,6862182.0,663845.3,6862263.0,7.5,6.9
107,663775.8,6862215.0,663798.9,6862182.0,7.0,5.5
108,663707.1,6862324.0,663775.8,6862215.0,7.0,5.5
109,663751.3,6862164.0,663798.9,6862182.0,7.5,6.9
110,664108.3,6862212.0,664096.2,6862146.0,7.5,6.9
111,663675.3,6862141.0,663751.3,6862164.0,7.5,6.9
112,663680.3,6862180.0,663675.3,6862141.0,7.5,6.9
113,663707.1,6862324.0,663680.3,6862180.0,7.5,6.9
114,663641.1,6862162.0,663675.3,6862141.0,7.5,6.9
115,663552.8,6862219.0,663641.1,6862162.0,7.5,6.9
116,663462.1,6862140.0,663552.8,6862219.0,8.5,6.9
117,663552.8,6862219.0,663461.5,6862140.0,8.5,6.9
118,663461.5,6862140.0,663318.6,6862230.0,7.5,6.9
119,664160.2,6862134.0,664173.9,6862201.0,7.5,6.9
120,664160.2,6862134.0,664096.2,6862146.0,7.5,6.9
121,663798.9,6862182.0,663829.0,6862127.0,7.0,5.5
122,663916.7,6862128.0,663969.5,6862333.0,7.5,6.9
123,663798.9,6862182.0,663916.7,6862128.0,7.5,6.9
124,663959.6,6862106.0,663971.2,6862335.0,7.5,6.9
125,663969.5,6862333.0,663956.2,6862109.0,7.5,6.9
126,663956.2,6862109.0,663916.7,6862128.0,7.5,6.9
127,664158.4,6862099.0,664160.2,6862134.0,7.5,6.9
128,663829.0,6862127.0,663751.3,6862164.0,7.5,6.9
129,664233.0,6862079.0,664158.4,6862099.0,7.5,6.9
130,664157.1,6862095.0,664232.2,6862077.0,7.5,6.9
131,664003.1,6862083.0,663959.6,6862106.0,7.5,6.9
132,664024.7,6862075.0,664026.2,6862200.0,7.5,6.9
133,664024.4,6862200.0,664022.4,6862081.0,7.5,6.9
134,664022.4,6862081.0,664003.1,6862083.0,7.5,6.9
135,664144.2,6862047.0,664157.1,6862095.0,7.5,6.9
136,664096.2,6862146.0,664144.2,6862047.0,7.5,6.9
137,663001.8,6862046.0,663317.2,6862229.0,7.5,6.9
138,663318.6,6862230.0,663002.3,6862047.0,7.5,6.9
139,663829.0,6862127.0,663888.7,6862034.0,7.0,5.5
140,663641.3,6862035.0,663679.4,6862132.0,7.5,6.9
141,663675.3,6862141.0,663640.8,6862036.0,7.5,6.9
142,663640.8,6862036.0,663462.1,6862140.0,7.5,6.9
143,663461.5,6862140.0,663641.3,6862035.0,7.5,6.9
144,663921.2,6862010.0,663888.7,6862034.0,7.5,6.9
145,663424.6,6862007.0,663544.8,6862017.0,7.5,6.9
146,663461.5,6862140.0,663424.6,6862007.0,7.5,6.9
147,663292.7,6862009.0,663424.6,6862007.0,7.5,6.9
148,664172.0,6861999.0,664147.9,6862050.0,7.5,6.9
149,664144.2,6862047.0,664170.1,6861999.0,7.5,6.9
150,663875.3,6861991.0,663820.0,6862003.0,7.5,6.9
151,663821.0,6862003.0,663876.2,6861989.0,7.5,6.9
152,663899.2,6861986.0,663875.3,6861991.0,7.5,6.9
153,663876.2,6861989.0,663903.6,6861982.0,7.5,6.9
154,663930.0,6861977.0,663921.2,6862010.0,7.5,6.9
155,663930.0,6861979.0,663899.2,6861986.0,7.5,6.9
156,663903.6,6861982.0,663930.0,6861977.0,7.5,6.9
157,664079.3,6861950.0,664172.0,6861999.0,7.5,6.9
158,664170.1,6861999.0,664079.3,6861951.0,7.5,6.9
159,664188.7,6861981.0,664174.3,6861997.0,7.5,6.9
160,663247.6,6861981.0,663292.7,6862009.0,8.5,6.9
161,663292.3,6862008.0,663246.4,6861982.0,8.5,6.9
162,664079.3,6861951.0,664024.7,6862075.0,7.5,6.9
163,664079.3,6861951.0,663930.0,6861979.0,7.5,6.9
164,663930.0,6861977.0,664079.3,6861950.0,7.5,6.9
165,663209.9,6861957.0,663247.6,6861981.0,8.5,6.9
166,663246.4,6861982.0,663208.9,6861958.0,8.5,6.9
167,663246.4,6861982.0,663262.0,6861951.0,7.5,6.9
168,663424.6,6862007.0,663370.2,6861899.0,7.5,6.9
169,663370.2,6861899.0,663292.3,6862008.0,7.5,6.9
170,663133.1,6861896.0,663209.9,6861957.0,8.5,6.9
171,663208.9,6861958.0,663128.5,6861896.0,8.5,6.9
172,664320.7,6861981.0,664188.7,6861981.0,7.5,6.9
173,664189.4,6861979.0,664320.1,6861979.0,7.5,6.9
174,664251.5,6861868.0,664189.4,6861979.0,7.5,6.9
175,664079.3,6861951.0,664125.9,6861853.0,7.5,6.9
176,664274.9,6861830.0,664353.0,6861854.0,7.5,6.9
177,664274.9,6861830.0,664251.5,6861868.0,7.5,6.9
178,663930.0,6861977.0,664025.0,6861817.0,7.0,5.5
179,663962.0,6861796.0,664026.2,6861815.0,7.5,6.9
180,664025.0,6861817.0,663961.6,6861797.0,7.5,6.9
181,663961.6,6861797.0,663876.3,6861989.0,7.5,6.9
182,663913.1,6861778.0,663962.0,6861796.0,7.5,6.9
183,663961.6,6861797.0,663914.1,6861779.0,7.5,6.9
184,663914.1,6861779.0,663821.0,6862003.0,7.5,6.9
185,663820.0,6862003.0,663913.1,6861778.0,7.5,6.9
186,663837.4,6861752.0,663914.3,6861778.0,7.5,6.9
187,663914.1,6861779.0,663837.9,6861753.0,7.5,6.9
188,664125.9,6861853.0,664181.4,6861744.0,7.5,6.9
189,664443.2,6861778.0,664323.4,6861742.0,7.5,6.9
190,664323.4,6861742.0,664308.3,6861763.0,7.5,6.9
191,664025.0,6861817.0,664080.8,6861724.0,7.0,5.5
192,664181.4,6861744.0,664103.2,6861694.0,7.5,6.9
193,664080.8,6861724.0,664103.2,6861694.0,7.0,5.5
194,664181.4,6861744.0,664208.6,6861688.0,7.5,6.9
195,664049.7,6861697.0,664083.1,6861720.0,7.5,6.9
196,664080.8,6861724.0,664050.2,6861697.0,7.5,6.9
197,663961.6,6861797.0,664049.7,6861697.0,7.5,6.9
198,664017.8,6861668.0,664051.5,6861696.0,7.5,6.9
199,664050.2,6861697.0,664017.9,6861669.0,7.5,6.9
200,664017.9,6861669.0,663914.2,6861779.0,7.5,6.9
201,663914.1,6861779.0,664017.8,6861668.0,7.5,6.9
202,663944.5,6861597.0,664019.4,6861668.0,7.5,6.9
203,664017.9,6861669.0,663944.9,6861598.0,7.5,6.9
204,664463.4,6861588.0,664415.1,6861575.0,14.0,7.3
205,664415.1,6861575.0,664367.5,6861660.0,7.5,6.9
206,664319.6,6861561.0,664276.8,6861652.0,7.5,6.9
207,664271.6,6861651.0,664304.1,6861544.0,7.5,6.9
208,664304.1,6861544.0,664277.5,6861529.0,14.0,7.3
209,664208.6,6861688.0,664279.5,6861525.0,7.5,6.9
210,664277.5,6861529.0,664216.3,6861510.0,14.0,7.3
211,664216.3,6861510.0,664185.2,6861496.0,14.0,7.3
212,664185.2,6861496.0,664180.3,6861528.0,7.5,6.9
213,662604.7,6862359.0,662593.4,6862394.0,17.0,8.2
214,662588.5,6862397.0,662594.7,6862353.0,17.0,8.2
215,662594.7,6862353.0,662567.1,6862336.0,7.5,6.9
216,662622.8,6862304.0,662604.7,6862359.0,17.0,8.2
217,662622.8,6862304.0,662596.7,6862333.0,17.0,8.2
218,662596.7,6862333.0,662593.3,6862300.0,7.5,6.9
219,662594.7,6862353.0,662596.7,6862333.0,17.0,8.2
220,662597.7,6862305.0,662567.1,6862336.0,7.5,6.9
221,662910.1,6862288.0,663111.0,6862364.0,7.5,6.9
222,663108.5,6862367.0,662908.9,6862289.0,7.5,6.9
223,662636.3,6862252.0,662597.7,6862305.0,7.5,6.9
224,662636.3,6862252.0,662622.8,6862304.0,17.0,8.2
225,662593.3,6862300.0,662632.8,6862217.0,7.5,6.9
226,662956.2,6862156.0,662910.1,6862288.0,7.5,6.9
227,662908.9,6862289.0,662956.9,6862157.0,7.5,6.9
228,662715.6,6862198.0,662909.6,6862287.0,7.5,6.9
229,662908.9,6862289.0,662716.3,6862199.0,7.5,6.9
230,662716.3,6862199.0,662699.8,6862280.0,7.5,6.9
231,662696.2,6862280.0,662715.6,6862198.0,7.5,6.9
232,662714.0,6862114.0,662956.2,6862156.0,7.5,6.9
233,662716.0,6862113.0,662717.8,6862198.0,7.5,6.9
234,662716.3,6862199.0,662714.0,6862114.0,7.5,6.9
235,662698.2,6862073.0,662709.1,6862091.0,7.5,6.9
236,662691.9,6862071.0,662703.5,6862016.0,17.0,8.2
237,662703.5,6862016.0,662713.3,6861988.0,17.0,8.2
238,663627.3,6861890.0,663642.6,6862034.0,8.0,9.3
239,663598.2,6861832.0,663627.3,6861890.0,8.0,9.3
240,663575.5,6861811.0,663598.2,6861832.0,8.0,9.3
241,663150.0,6861786.0,663313.1,6861860.0,7.5,6.9
242,663312.0,6861862.0,663148.8,6861786.0,7.5,6.9
243,663543.1,6861788.0,663575.5,6861811.0,8.0,9.3
244,663542.8,6861785.0,663450.7,6861947.0,7.5,6.9
245,663449.9,6861947.0,663543.1,6861788.0,7.5,6.9
246,663519.5,6861765.0,663542.8,6861785.0,8.0,9.3
247,663520.2,6861765.0,663425.9,6861930.0,7.5,6.9
248,663425.0,6861930.0,663519.5,6861765.0,7.5,6.9
249,663576.3,6861744.0,663520.2,6861765.0,7.5,6.9
250,663519.5,6861765.0,663576.1,6861743.0,7.5,6.9
251,663426.3,6861749.0,663519.9,6861764.0,7.5,6.9
252,663519.5,6861765.0,663426.9,6861750.0,7.5,6.9
253,663426.9,6861750.0,663403.1,6861915.0,7.5,6.9
254,663402.2,6861914.0,663426.3,6861749.0,7.5,6.9
255,663575.5,6861811.0,663628.1,6861734.0,7.5,6.9
256,663628.1,6861734.0,663576.3,6861744.0,7.5,6.9
257,663576.1,6861743.0,663627.9,6861731.0,7.5,6.9
258,663825.4,6861766.0,663733.5,6861731.0,7.5,6.9
259,663733.5,6861731.0,663603.2,6861835.0,7.5,6.9
260,663598.2,6861832.0,663728.8,6861730.0,7.5,6.9
261,662915.8,6861712.0,663080.2,6861859.0,7.5,6.9
262,662831.6,6861670.0,662915.8,6861712.0,7.5,6.9
263,662915.0,6861713.0,662831.3,6861674.0,7.5,6.9
264,663078.9,6861860.0,662915.0,6861713.0,7.5,6.9
265,663733.5,6861731.0,663689.8,6861713.0,7.5,6.9
266,663689.8,6861713.0,663628.2,6861733.0,7.5,6.9
267,663628.1,6861734.0,663682.0,6861711.0,7.5,6.9
268,663148.8,6861786.0,663082.2,6861718.0,7.5,6.9
269,663454.8,6861698.0,663517.6,6861762.0,8.0,9.3
270,663689.8,6861713.0,663603.6,6861677.0,7.5,6.9
271,663603.6,6861677.0,663577.0,6861744.0,7.5,6.9
272,663576.1,6861743.0,663600.9,6861675.0,7.5,6.9
273,663208.5,6861673.0,663150.0,6861786.0,7.5,6.9
274,663148.8,6861786.0,663206.5,6861671.0,7.5,6.9
275,663082.2,6861718.0,663051.8,6861660.0,7.5,6.9
276,663647.7,6861593.0,663666.1,6861600.0,7.5,6.9
277,663665.3,6861602.0,663648.0,6861594.0,7.5,6.9
278,663378.6,6861627.0,663454.8,6861698.0,8.0,9.3
279,663051.8,6861660.0,662957.5,6861503.0,7.5,6.9
280,663860.3,6861603.0,663922.2,6861628.0,7.5,6.9
281,663648.0,6861594.0,663602.7,6861676.0,7.5,6.9
282,663603.6,6861677.0,663647.7,6861593.0,7.5,6.9
283,663272.3,6861518.0,663378.6,6861627.0,8.0,9.3
284,663139.8,6861621.0,663082.1,6861717.0,7.5,6.9
285,663082.2,6861718.0,663137.5,6861620.0,7.5,6.9
286,663731.7,6861549.0,663860.3,6861603.0,7.5,6.9
287,663272.8,6861550.0,663208.5,6861673.0,7.5,6.9
288,663206.5,6861671.0,663273.6,6861554.0,7.5,6.9
289,664023.0,6861549.0,663879.8,6861541.0,7.5,6.9
290,663860.3,6861603.0,663879.8,6861541.0,7.5,6.9
291,663674.2,6861534.0,663731.7,6861549.0,7.5,6.9
292,663673.8,6861529.0,663648.9,6861593.0,7.5,6.9
293,663648.0,6861594.0,663674.2,6861534.0,7.5,6.9
294,663632.4,6861514.0,663673.8,6861529.0,7.5,6.9
295,663631.1,6861513.0,663608.2,6861576.0,7.5,6.9
296,663606.0,6861575.0,663632.4,6861514.0,7.5,6.9
297,662620.3,6861521.0,662530.4,6861491.0,7.5,6.9
298,663593.3,6861495.0,663631.1,6861513.0,7.5,6.9
299,663272.3,6861518.0,663272.8,6861550.0,7.5,6.9
300,663257.7,6861487.0,663272.3,6861518.0,7.5,6.9
301,663270.3,6861519.0,663257.1,6861485.0,7.5,6.9
302,663273.6,6861554.0,663270.3,6861519.0,7.5,6.9
303,662501.9,6861489.0,662530.9,6861492.0,7.5,6.9
304,663247.0,6861478.0,663257.7,6861487.0,8.0,9.3
305,663545.3,6861476.0,663593.3,6861495.0,7.5,6.9
306,663454.8,6861698.0,663545.3,6861476.0,7.5,6.9
307,662957.5,6861503.0,662931.7,6861483.0,7.5,6.9
308,662530.4,6861491.0,662536.7,6861461.0,7.5,6.9
309,663452.8,6861470.0,663440.8,6861502.0,8.0,9.3
310,662501.9,6861489.0,662536.7,6861461.0,7.5,6.9
311,662931.7,6861483.0,662905.6,6861465.0,7.5,6.9
312,662905.6,6861465.0,662884.2,6861517.0,11.0,5.5
313,663234.9,6861461.0,663247.0,6861478.0,8.0,9.3
314,663470.5,6861441.0,663545.3,6861476.0,7.5,6.9
315,663470.5,6861441.0,663452.8,6861470.0,8.0,9.3
316,663879.8,6861541.0,663915.9,6861423.0,7.5,6.9
317,663191.7,6861420.0,663234.9,6861461.0,8.0,9.3
318,663190.9,6861417.0,663051.7,6861657.0,7.5,6.9
319,663051.8,6861660.0,663191.7,6861420.0,7.5,6.9
320,663250.6,6861459.0,663273.5,6861413.0,7.5,6.9
321,662819.3,6861414.0,662870.6,6861435.0,7.5,6.9
322,662869.7,6861437.0,662820.0,6861415.0,7.5,6.9
323,662820.0,6861415.0,662676.8,6861482.0,7.5,6.9
324,662677.1,6861481.0,662819.3,6861414.0,7.5,6.9
325,663452.8,6861470.0,663294.2,6861400.0,7.5,6.9
326,663273.5,6861413.0,663294.2,6861400.0,7.5,6.9
327,662620.3,6861521.0,662670.9,6861458.0,13.0,6.9
328,663731.7,6861549.0,663792.8,6861382.0,7.5,6.9
329,663158.5,6861384.0,663190.9,6861417.0,8.0,9.3
330,663497.1,6861380.0,663470.5,6861441.0,8.0,9.3
331,664161.7,6861452.0,664186.9,6861494.0,7.5,6.9
332,664105.1,6861365.0,664161.7,6861452.0,7.5,6.9
333,664185.2,6861496.0,664102.0,6861366.0,7.5,6.9
334,663273.5,6861413.0,663224.8,6861369.0,7.5,6.9
335,663736.2,6861367.0,663673.8,6861529.0,7.5,6.9
336,662615.1,6861386.0,662589.0,6861498.0,41.0,10.2
337,663694.5,6861355.0,663633.8,6861515.0,7.5,6.9
338,663632.4,6861514.0,663690.4,6861355.0,7.5,6.9
339,663773.7,6861323.0,663760.9,6861364.0,7.5,6.9
340,663091.3,6861310.0,663158.5,6861384.0,8.0,9.3
341,663545.3,6861476.0,663597.8,6861318.0,7.5,6.9
342,663342.1,6861312.0,663497.1,6861380.0,7.5,6.9
343,663294.2,6861400.0,663342.1,6861312.0,7.5,6.9
344,664058.9,6861305.0,664105.1,6861365.0,7.5,6.9
345,664102.0,6861366.0,664057.8,6861307.0,7.5,6.9
346,664057.8,6861307.0,663780.3,6861305.0,7.5,6.9
347,663780.3,6861305.0,663773.7,6861323.0,7.5,6.9
348,663771.2,6861322.0,663777.5,6861304.0,7.5,6.9
349,663537.1,6861309.0,663497.1,6861380.0,8.0,9.3
350,662813.1,6861335.0,662835.8,6861295.0,13.0,6.9
351,663290.0,6861292.0,663343.6,6861309.0,7.5,6.9
352,663342.1,6861312.0,663290.3,6861292.0,7.5,6.9
353,663290.3,6861292.0,663224.4,6861368.0,7.5,6.9
354,663224.8,6861369.0,663290.0,6861292.0,7.5,6.9
355,662998.8,6861270.0,663091.3,6861310.0,7.5,6.9
356,663091.3,6861311.0,662999.1,6861271.0,7.5,6.9
357,662999.1,6861271.0,662930.8,6861482.0,7.5,6.9
358,662931.7,6861483.0,662998.8,6861270.0,7.5,6.9
359,662972.6,6861257.0,662999.6,6861269.0,7.5,6.9
360,662999.1,6861271.0,662972.0,6861260.0,7.5,6.9
361,663342.1,6861312.0,663366.7,6861255.0,7.5,6.9
362,664016.0,6861245.0,664058.9,6861305.0,7.5,6.9
363,664057.8,6861307.0,664015.6,6861248.0,7.5,6.9
364,663137.1,6861249.0,663290.8,6861292.0,7.5,6.9
365,663290.3,6861292.0,663137.6,6861247.0,7.5,6.9
366,663224.8,6861369.0,663137.1,6861249.0,7.5,6.9
367,663651.1,6861234.0,663771.2,6861322.0,7.5,6.9
368,663797.8,6861236.0,663779.8,6861305.0,7.5,6.9
369,663780.3,6861305.0,663797.1,6861237.0,7.5,6.9
370,663797.1,6861237.0,663717.6,6861241.0,7.5,6.9
371,663717.5,6861238.0,663797.8,6861236.0,7.5,6.9
372,662972.0,6861260.0,662912.4,6861234.0,7.5,6.9
373,663992.1,6861221.0,664016.0,6861245.0,7.5,6.9
374,664015.6,6861248.0,663992.0,6861221.0,7.5,6.9
375,663797.1,6861237.0,663992.1,6861221.0,7.5,6.9
376,663600.9,6861205.0,663651.1,6861234.0,7.5,6.9
377,663650.9,6861233.0,663600.7,6861203.0,7.5,6.9
378,663597.8,6861318.0,663600.9,6861205.0,8.0,8.1
379,663700.8,6861188.0,663650.9,6861233.0,7.5,6.9
380,663965.0,6861170.0,663994.9,6861219.0,7.5,6.9
381,663992.0,6861221.0,663962.7,6861170.0,7.5,6.9
382,663962.7,6861170.0,663700.8,6861188.0,7.5,6.9
383,663035.1,6861173.0,663091.3,6861311.0,8.0,9.3
384,663091.3,6861310.0,663033.5,6861171.0,8.0,9.3
385,663033.5,6861171.0,663138.3,6861245.0,7.5,6.9
386,663137.6,6861247.0,663035.1,6861173.0,7.5,6.9
387,662912.4,6861234.0,662978.0,6861173.0,13.0,6.9
388,663001.4,6861136.0,662992.0,6861191.0,11.0,5.5
389,662800.9,6861261.0,662843.3,6861272.0,7.5,6.9
390,662835.8,6861295.0,662799.0,6861265.0,7.5,6.9
391,663952.9,6861120.0,663965.0,6861170.0,7.5,6.9
392,663962.7,6861170.0,663953.1,6861119.0,7.5,6.9
393,663700.8,6861188.0,663952.9,6861120.0,7.5,6.9
394,663548.4,6861182.0,663357.1,6861125.0,7.5,6.9
395,663357.1,6861125.0,663336.3,6861233.0,8.0,7.9
396,663561.6,6861110.0,663548.4,6861182.0,7.5,6.9
397,663600.7,6861203.0,663612.6,6861103.0,8.0,8.1
398,663612.6,6861103.0,663561.6,6861110.0,7.5,6.9
399,663560.0,6861109.0,663612.1,6861100.0,7.5,6.9
400,664017.6,6861108.0,663954.8,6861119.0,7.5,6.9
401,663953.1,6861119.0,664017.0,6861105.0,7.5,6.9
402,663946.4,6861074.0,663956.6,6861118.0,7.5,6.9
403,663953.1,6861119.0,663944.2,6861075.0,7.5,6.9
404,663001.4,6861136.0,662832.6,6861085.0,10.0,6.5
405,662832.6,6861085.0,662843.3,6861272.0,7.5,6.9
406,663937.7,6861058.0,663946.4,6861074.0,7.5,6.9
407,663944.2,6861075.0,663934.9,6861059.0,7.5,6.9
408,663934.9,6861059.0,663612.6,6861103.0,7.5,6.9
409,663612.6,6861103.0,663622.3,6861048.0,8.0,8.1
410,662694.0,6861025.0,662688.8,6861050.0,41.0,10.2
411,663246.4,6861091.0,663155.7,6861030.0,7.5,6.9
412,663622.3,6861048.0,663781.6,6861024.0,7.5,6.9
413,662839.5,6861022.0,662827.1,6861082.0,7.5,6.9
414,662832.6,6861085.0,662838.3,6861021.0,7.5,6.9
415,663963.6,6861002.0,663945.6,6861077.0,7.5,6.9
416,663944.2,6861075.0,663960.8,6861002.0,7.5,6.9
417,663931.5,6861007.0,663937.7,6861058.0,7.5,6.9
418,663934.9,6861059.0,663931.4,6861007.0,7.5,6.9
419,663781.6,6861024.0,663931.5,6861007.0,7.5,6.9
420,663122.0,6861008.0,663156.0,6861027.0,7.5,6.9
421,663155.7,6861030.0,663119.5,6861012.0,7.5,6.9
422,663119.5,6861012.0,663032.5,6861107.0,10.0,8.3
423,663377.9,6861004.0,663560.0,6861109.0,7.5,6.9
424,663377.9,6861004.0,663357.1,6861125.0,8.0,7.9
425,662910.5,6860961.0,663032.0,6861048.0,7.5,6.9
426,662911.8,6860962.0,662877.6,6860995.0,7.5,6.9
427,662874.2,6860995.0,662910.5,6860961.0,7.5,6.9
428,663216.0,6860931.0,663377.9,6861004.0,7.5,6.9
429,663155.7,6861030.0,663216.0,6860931.0,7.5,6.9
430,662734.2,6860942.0,662706.5,6861044.0,7.5,6.9
431,662705.6,6861045.0,662733.4,6860941.0,7.5,6.9
432,663192.5,6860923.0,663216.0,6860931.0,7.5,6.9
433,663192.5,6860923.0,663122.0,6861008.0,10.0,8.3
434,662521.6,6860986.0,662640.7,6860817.0,7.5,6.9
435,663001.4,6861136.0,662757.5,6860921.0,23.0,8.6
436,662733.0,6860839.0,662694.0,6861025.0,41.0,10.2
437,662757.5,6860921.0,662671.9,6860843.0,45.0,3.0
438,663781.6,6861024.0,663750.8,6860884.0,7.5,6.9
439,663870.8,6860852.0,663934.3,6861007.0,7.5,6.9
440,663931.4,6861007.0,663869.1,6860853.0,7.5,6.9
441,663225.0,6860875.0,663192.5,6860923.0,10.0,8.3
442,663189.7,6860922.0,663222.6,6860874.0,10.0,8.3
443,663622.3,6861048.0,663616.7,6860871.0,8.0,8.1
444,663072.1,6860868.0,663189.7,6860922.0,7.5,6.9
445,663074.2,6860869.0,663035.7,6861050.0,10.0,7.3
446,663032.0,6861048.0,663072.1,6860868.0,10.0,7.3
447,663392.3,6860863.0,663441.0,6860873.0,7.5,6.9
448,663440.9,6860875.0,663393.6,6860868.0,7.5,6.9
449,663393.6,6860868.0,663385.9,6860957.0,8.0,7.9
450,663869.1,6860853.0,663750.8,6860884.0,7.5,6.9
451,663616.7,6860871.0,663622.5,6860835.0,8.0,8.1
452,663216.0,6860931.0,663244.1,6860857.0,7.5,6.9
453,662671.4,6860829.0,662961.5,6861087.0,23.0,8.6
454,663269.4,6860826.0,663244.3,6860857.0,10.0,8.3
455,663244.1,6860857.0,663266.8,6860824.0,10.0,8.3
456,663084.5,6860826.0,663074.2,6860869.0,10.0,7.3
457,663072.1,6860868.0,663080.3,6860826.0,10.0,7.3
458,662981.0,6860826.0,663073.3,6860868.0,7.5,6.9
459,663072.1,6860868.0,662979.9,6860828.0,7.5,6.9
460,662969.7,6860836.0,662911.8,6860962.0,7.5,6.9
461,662910.5,6860961.0,662967.2,6860834.0,7.5,6.9
462,663750.8,6860884.0,663732.0,6860819.0,7.5,6.9
463,663732.0,6860819.0,663622.5,6860835.0,7.5,6.9
464,663381.8,6860814.0,663392.3,6860863.0,8.0,7.9
465,663382.2,6860812.0,663287.1,6860807.0,7.5,6.9
466,663286.8,6860805.0,663381.8,6860814.0,7.5,6.9
467,663287.1,6860807.0,663269.4,6860826.0,10.0,8.3
468,663266.8,6860824.0,663286.8,6860805.0,10.0,8.3
469,663622.5,6860835.0,663596.1,6860666.0,8.0,8.1
470,663385.3,6860797.0,663382.2,6860812.0,8.0,7.9
471,663481.5,6860799.0,663385.3,6860797.0,7.5,6.9
472,663383.6,6860794.0,663481.6,6860798.0,7.5,6.9
473,663828.8,6860794.0,663870.8,6860852.0,7.5,6.9
474,663869.1,6860853.0,663827.1,6860796.0,7.5,6.9
475,663827.1,6860796.0,663732.0,6860819.0,7.5,6.9
476,663271.8,6860768.0,663267.3,6860824.0,7.5,6.9
477,663844.1,6860753.0,663828.8,6860794.0,7.5,6.9
478,663105.6,6860725.0,663271.8,6860768.0,7.5,6.9
479,663273.6,6860767.0,663106.3,6860726.0,7.5,6.9
480,663106.3,6860726.0,663084.5,6860826.0,10.0,7.3
481,663080.3,6860826.0,663105.6,6860725.0,10.0,7.3
482,663357.7,6860717.0,663367.5,6860731.0,8.0,7.9
483,663359.3,6860718.0,663288.0,6860806.0,10.0,8.3
484,663287.1,6860807.0,663357.7,6860717.0,10.0,8.3
485,662668.1,6860743.0,662671.4,6860829.0,7.5,6.9
486,662670.2,6860832.0,662665.4,6860743.0,7.5,6.9
487,663373.5,6860697.0,663359.3,6860718.0,10.0,8.3
488,663357.7,6860717.0,663370.9,6860695.0,10.0,8.3
489,662563.0,6860740.0,662643.5,6860811.0,41.0,8.6
490,662640.7,6860817.0,662559.8,6860744.0,41.0,8.6
491,663393.3,6860673.0,663373.5,6860697.0,10.0,8.3
492,663370.9,6860695.0,663390.4,6860672.0,10.0,8.3
493,663710.9,6860656.0,663827.0,6860792.0,7.5,6.9
494,663827.1,6860796.0,663709.9,6860655.0,7.5,6.9
495,663622.5,6860835.0,663710.9,6860656.0,7.5,6.9
496,663709.9,6860655.0,663597.1,6860663.0,7.5,6.9
497,663596.1,6860666.0,663710.9,6860656.0,7.5,6.9
498,663305.3,6860656.0,663273.6,6860767.0,7.5,6.9
499,663492.9,6860648.0,663518.9,6860666.0,7.5,6.9
500,663517.5,6860668.0,663491.4,6860650.0,7.5,6.9
501,663491.4,6860650.0,663393.3,6860673.0,7.5,6.9
502,663179.6,6860617.0,663305.3,6860656.0,7.5,6.9
503,663307.3,6860654.0,663179.2,6860618.0,7.5,6.9
504,663444.3,6860610.0,663392.6,6860674.0,10.0,8.3
505,663390.4,6860672.0,663442.6,6860608.0,10.0,8.3
506,663128.3,6860606.0,663179.6,6860617.0,7.5,6.9
507,663179.2,6860618.0,663129.4,6860607.0,7.5,6.9
508,663129.4,6860607.0,663107.4,6860726.0,10.0,7.3
509,663106.3,6860726.0,663128.3,6860606.0,10.0,7.3
510,663041.9,6860583.0,663129.9,6860606.0,7.5,6.9
511,663129.4,6860607.0,663041.2,6860585.0,7.5,6.9
512,663345.3,6860541.0,663373.3,6860546.0,7.5,6.9
513,663345.3,6860541.0,663307.3,6860654.0,7.5,6.9
514,663709.9,6860655.0,663736.5,6860508.0,7.5,6.9
515,663514.2,6860521.0,663492.9,6860648.0,7.5,6.9
516,663516.5,6860522.0,663444.3,6860610.0,10.0,8.3
517,663442.6,6860608.0,663514.2,6860521.0,10.0,8.3
518,663578.5,6860503.0,663712.0,6860653.0,7.5,6.9
519,663709.9,6860655.0,663579.4,6860503.0,7.5,6.9
520,663596.1,6860666.0,663578.5,6860503.0,8.0,8.1
521,663552.3,6860471.0,663581.7,6860501.0,7.5,6.9
522,663579.4,6860503.0,663552.5,6860472.0,7.5,6.9
523,663552.5,6860472.0,663516.5,6860522.0,10.0,8.3
524,663514.2,6860521.0,663552.3,6860471.0,10.0,8.3
525,663494.9,6860398.0,663551.9,6860469.0,7.5,6.9
526,663552.5,6860472.0,663490.4,6860401.0,7.5,6.9
527,663373.3,6860546.0,663490.2,6860400.0,7.5,6.9
528,663401.2,6860352.0,663494.9,6860398.0,7.5,6.9
529,663490.4,6860401.0,663400.0,6860354.0,7.5,6.9
530,663400.0,6860354.0,663345.3,6860541.0,7.5,6.9
531,663150.7,6860334.0,663207.5,6860346.0,7.5,6.9
532,663223.6,6860308.0,663211.1,6860347.0,10.0,7.3
533,663207.5,6860346.0,663219.4,6860298.0,10.0,7.3
534,663281.1,6860295.0,663401.2,6860352.0,7.5,6.9
535,663400.0,6860354.0,663281.9,6860295.0,7.5,6.9
536,663179.2,6860618.0,663281.1,6860295.0,7.5,6.9
537,663215.8,6860274.0,663283.3,6860291.0,7.5,6.9
538,663281.9,6860295.0,663220.5,6860277.0,7.5,6.9
539,663220.5,6860277.0,663223.6,6860308.0,10.0,7.3
540,663219.4,6860298.0,663215.8,6860274.0,10.0,7.3
541,663191.2,6860244.0,663220.4,6860272.0,7.5,6.9
542,663220.5,6860277.0,663183.0,6860245.0,7.5,6.9
543,663195.5,6860221.0,663191.2,6860244.0,7.5,6.9
544,663183.0,6860245.0,663192.6,6860220.0,7.5,6.9
545,662664.3,6862410.0,662656.7,6862434.0,7.5,6.9
546,662654.3,6862434.0,662663.6,6862409.0,7.5,6.9
547,662359.4,6862413.0,662469.1,6862425.0,7.5,6.9
548,662468.2,6862428.0,662360.0,6862416.0,7.5,6.9
549,662699.8,6862280.0,662675.9,6862366.0,7.5,6.9
550,662673.0,6862365.0,662696.2,6862280.0,7.5,6.9
551,662983.0,6862096.0,662959.5,6862157.0,7.5,6.9
552,662956.9,6862157.0,662982.8,6862095.0,7.5,6.9
553,663002.3,6862047.0,662984.3,6862095.0,7.5,6.9
554,662983.0,6862096.0,663001.8,6862046.0,7.5,6.9
555,663544.8,6862017.0,663643.6,6862036.0,7.5,6.9
556,663640.8,6862036.0,663547.0,6862017.0,7.5,6.9
557,663723.8,6862021.0,663641.6,6862037.0,7.5,6.9
558,663640.8,6862036.0,663720.3,6862020.0,7.5,6.9
559,663450.7,6861947.0,663548.4,6862016.0,7.5,6.9
560,663544.8,6862017.0,663449.9,6861947.0,7.5,6.9
561,663425.9,6861930.0,663450.1,6861945.0,7.5,6.9
562,663450.7,6861947.0,663425.0,6861930.0,7.5,6.9
563,663403.1,6861915.0,663425.5,6861929.0,7.5,6.9
564,663425.9,6861930.0,663402.2,6861914.0,7.5,6.9
565,663370.2,6861899.0,663402.7,6861914.0,7.5,6.9
566,663403.1,6861915.0,663368.9,6861897.0,7.5,6.9
567,663201.3,6861924.0,663133.1,6861896.0,7.5,6.9
568,663117.0,6861885.0,663133.2,6861896.0,8.5,6.9
569,663128.5,6861896.0,663115.5,6861887.0,8.5,6.9
570,663313.1,6861860.0,663368.6,6861896.0,7.5,6.9
571,663370.2,6861899.0,663312.0,6861862.0,7.5,6.9
572,663262.0,6861951.0,663311.7,6861863.0,7.5,6.9
573,663080.2,6861859.0,663117.0,6861885.0,8.5,6.9
574,663115.5,6861887.0,663078.9,6861860.0,8.5,6.9
575,663837.9,6861753.0,663825.4,6861766.0,7.5,6.9
576,663823.6,6861765.0,663837.4,6861752.0,7.5,6.9
577,663889.8,6861692.0,663839.6,6861753.0,7.5,6.9
578,663837.9,6861753.0,663888.6,6861690.0,7.5,6.9
579,663922.2,6861628.0,663889.8,6861692.0,7.5,6.9
580,663888.6,6861690.0,663922.8,6861628.0,7.5,6.9
581,663944.9,6861598.0,663925.5,6861629.0,7.5,6.9
582,663922.2,6861628.0,663944.5,6861597.0,7.5,6.9
583,664023.8,6861550.0,663946.2,6861598.0,7.5,6.9
584,663944.9,6861598.0,664023.0,6861549.0,7.5,6.9
585,664141.9,6861493.0,664023.8,6861550.0,7.5,6.9
586,664023.0,6861549.0,664138.6,6861488.0,7.5,6.9
587,664138.6,6861488.0,664184.2,6861491.0,30.0,8.6
588,664185.2,6861496.0,664141.9,6861493.0,30.0,8.6
589,663825.4,6861766.0,663723.8,6862021.0,7.5,6.9
590,663720.3,6862020.0,663823.6,6861765.0,7.5,6.9
591,662658.5,6861010.0,662667.9,6860965.0,41.0,10.2
592,664025.0,6861817.0,664125.9,6861849.0,7.5,6.9
593,664125.9,6861853.0,664025.3,6861817.0,7.5,6.9
594,664186.9,6861494.0,664219.7,6861501.0,14.0,7.3
595,663760.9,6861364.0,663794.2,6861374.0,25.0,8.6
596,663792.8,6861382.0,663759.3,6861372.0,25.0,8.6
597,663336.3,6861233.0,663480.5,6861279.0,30.0,8.6
598,663366.7,6861255.0,663333.1,6861242.0,28.0,8.6
599,664119.4,6861277.0,664060.9,6861306.0,7.5,6.9
600,664057.8,6861307.0,664118.4,6861276.0,7.5,6.9
601,663967.4,6861425.0,664040.1,6861393.0,7.5,6.9
602,664312.8,6861399.0,664279.5,6861525.0,7.5,6.9
603,664308.3,6861763.0,664274.9,6861830.0,7.5,6.9
604,664367.5,6861660.0,664323.4,6861742.0,7.5,6.9
605,663335.9,6862809.0,663290.5,6862779.0,7.5,6.9
606,664181.4,6861744.0,664198.2,6861807.0,7.5,6.9
607,664196.1,6861805.0,664181.6,6861743.0,7.5,6.9
608,663440.8,6861502.0,663378.6,6861627.0,8.0,9.3
609,664284.0,6861381.0,664186.3,6861494.0,7.5,6.9
610,664185.2,6861496.0,664280.5,6861380.0,7.5,6.9
611,663720.3,6862020.0,663679.2,6862136.0,7.5,6.9
612,663675.3,6862141.0,663720.9,6862021.0,7.5,6.9
613,662229.4,6862466.0,662222.5,6862476.0,7.5,6.9
614,662219.6,6862473.0,662228.3,6862461.0,7.5,6.9
615,662675.9,6862366.0,662665.5,6862410.0,7.5,6.9
616,662664.3,6862410.0,662673.0,6862365.0,7.5,6.9
617,662652.8,6862204.0,662636.3,6862252.0,17.0,8.2
618,662689.1,6862099.0,662652.8,6862204.0,17.0,8.2
619,662698.2,6862073.0,662689.1,6862099.0,17.0,8.2
620,662709.1,6862091.0,662716.0,6862113.0,7.5,6.9
621,662714.0,6862114.0,662689.1,6862099.0,7.5,6.9
622,662676.8,6861482.0,662678.5,6861544.0,7.5,6.9
623,662677.2,6861546.0,662677.1,6861481.0,7.5,6.9
624,662746.3,6861457.0,662678.1,6861482.0,7.5,6.9
625,662676.8,6861482.0,662747.3,6861454.0,5,10
626,662972.0,6861260.0,662905.6,6861465.0,11.0,5.5
627,662823.0,6861379.0,662821.0,6861414.0,7.5,6.9
628,662820.0,6861415.0,662820.7,6861378.0,7.5,6.9
629,662992.0,6861191.0,662972.6,6861257.0,11.0,5.5
630,662978.0,6861173.0,662992.0,6861191.0,7.5,6.9
631,663005.3,6861134.0,663334.6,6861234.0,25.0,8.6
632,663115.1,6861175.0,663001.4,6861136.0,25.0,8.6
633,663336.3,6861233.0,663115.1,6861175.0,25.0,8.6
634,663222.6,6860874.0,663084.0,6860826.0,7.5,6.9
635,662418.8,6860963.0,662521.6,6860986.0,10.0,6.5
636,662520.3,6860988.0,662416.7,6860966.0,10.0,6.5
637,662706.5,6861044.0,662827.1,6861081.0,10.0,6.5
638,662832.6,6861085.0,662705.6,6861045.0,10.0,6.5
639,662688.8,6861050.0,662662.7,6861181.0,41.0,10.2
640,662606.2,6861220.0,662623.9,6861145.0,41.0,10.2
641,663573.1,6861024.0,663562.2,6861109.0,7.5,6.9
642,663561.6,6861110.0,663571.7,6861024.0,7.5,6.9
643,663357.1,6861125.0,663246.4,6861091.0,7.5,6.9
644,663385.9,6860957.0,663377.9,6861004.0,8.0,7.9
645,663616.7,6860871.0,663566.1,6860875.0,7.5,6.9
646,663566.1,6860873.0,663615.3,6860868.0,7.5,6.9
647,663499.4,6860875.0,663566.1,6860873.0,7.5,6.9
648,663566.1,6860875.0,663499.3,6860876.0,7.5,6.9
649,663367.5,6860731.0,663383.6,6860794.0,8.0,7.9
650,663367.5,6860731.0,663436.5,6860736.0,7.5,6.9
651,663437.6,6860739.0,663368.6,6860733.0,7.5,6.9
652,663600.7,6861203.0,663548.4,6861182.0,7.5,6.9
653,663001.4,6861136.0,663033.0,6861048.0,10.0,7.3
654,663032.0,6861048.0,663032.5,6861107.0,7.5,6.9
655,663032.5,6861107.0,663005.3,6861134.0,10.0,8.3
656,663234.9,6861461.0,663250.6,6861459.0,7.5,6.9
657,663257.1,6861485.0,663250.6,6861459.0,7.5,6.9
658,664103.2,6861694.0,664214.3,6861510.0,7.0,5.5
659,664180.3,6861528.0,664019.5,6861667.0,7.5,6.9
660,663820.0,6862003.0,663721.9,6862021.0,7.5,6.9
661,663720.3,6862020.0,663819.8,6862002.0,7.5,6.9
662,663820.0,6862003.0,663823.9,6862046.0,7.5,6.9
663,663821.7,6862046.0,663819.3,6862002.0,7.5,6.9
664,663399.8,6862726.0,663440.4,6862851.0,7.5,6.9
665,662071.2,6862484.0,661982.1,6862508.0,7.5,6.9
666,662092.1,6862481.0,662117.7,6862454.0,7.5,6.9
667,664219.7,6861501.0,664280.1,6861519.0,14.0,7.3
668,663539.3,6861303.0,663595.6,6861309.0,26.0,8.6
669,663597.8,6861318.0,663537.1,6861309.0,26.0,8.6
670,664088.7,6861232.0,664015.7,6861247.0,7.5,6.9
671,664015.6,6861248.0,664084.4,6861231.0,7.5,6.9
672,663474.6,6860633.0,663492.2,6860648.0,7.5,6.9
673,663491.4,6860650.0,663473.4,6860634.0,7.5,6.9
674,663441.0,6860873.0,663499.4,6860875.0,7.5,6.9
675,663499.3,6860876.0,663440.9,6860875.0,7.5,6.9
676,663367.2,6862632.0,663444.6,6862479.0,7.5,6.9
677,662884.2,6861517.0,662835.7,6861642.0,11.0,5.5
678,662068.2,6862515.0,662071.2,6862484.0,7.5,6.9
679,662063.2,6862550.0,662092.1,6862481.0,7.5,6.9
680,662468.3,6861502.0,662287.4,6861502.0,7.5,6.9
681,662287.4,6861502.0,662462.7,6861491.0,7.5,6.9
682,662490.5,6861505.0,662468.3,6861502.0,7.5,6.9
683,662462.7,6861491.0,662501.9,6861489.0,7.5,6.9
684,663480.5,6861279.0,663539.3,6861303.0,30.0,8.6
685,663537.1,6861309.0,663366.7,6861255.0,30.0,8.6
686,663597.8,6861318.0,663759.9,6861363.0,32.0,8.6
687,663650.2,6861339.0,663594.9,6861316.0,27.0,8.6
688,663690.4,6861355.0,663650.2,6861339.0,32.0,8.6
689,663736.2,6861367.0,663694.5,6861355.0,27.0,8.6
690,663760.9,6861364.0,663736.2,6861367.0,32.0,8.6
691,663792.8,6861382.0,663930.0,6861415.0,26.0,8.6
692,663915.9,6861423.0,663798.4,6861384.0,26.0,8.6
693,663930.0,6861415.0,663967.4,6861425.0,31.0,8.6
694,664138.6,6861488.0,663915.9,6861423.0,24.0,8.6
695,663262.0,6861951.0,663201.3,6861924.0,7.5,6.9
696,664417.3,6861568.0,664470.0,6861577.0,14.0,7.3
697,663127.3,6860182.0,663185.0,6860242.0,7.5,6.9
698,663183.0,6860245.0,663124.5,6860183.0,7.5,6.9
699,662757.5,6860921.0,662670.2,6860832.0,45.0,3.0
700,662575.8,6861360.0,662606.2,6861220.0,41.0,10.2
701,662662.7,6861181.0,662635.7,6861282.0,41.0,10.2
702,662635.7,6861282.0,662615.1,6861386.0,41.0,10.2
703,662647.6,6861048.0,662658.5,6861010.0,41.0,10.2
704,662623.9,6861145.0,662647.6,6861048.0,41.0,10.2
705,662831.3,6861674.0,662721.2,6861998.0,17.0,8.2
706,662721.2,6861998.0,662712.5,6862024.0,17.0,8.2
707,662620.3,6861521.0,662676.3,6861564.0,7.5,6.9
708,662787.7,6861635.0,662812.0,6861640.0,7.5,6.9
709,662676.3,6861564.0,662787.7,6861635.0,7.5,6.9
710,662075.3,6862636.0,662058.0,6862722.0,41.0,10.2
711,662058.0,6862722.0,661982.4,6862971.0,41.0,10.2
712,664335.6,6861536.0,664378.0,6861549.0,14.0,7.3
713,664279.5,6861525.0,664335.6,6861536.0,14.0,7.3
714,663888.7,6862034.0,663897.8,6861989.0,7.5,6.9
715,662360.0,6862416.0,662248.4,6862450.0,7.5,6.9
716,662244.2,6862444.0,662359.4,6862413.0,7.5,6.9
717,662526.9,6862438.0,662570.3,6862455.0,7.5,6.9
718,662494.0,6862436.0,662526.9,6862438.0,7.5,6.9
719,662571.1,6862458.0,662494.6,6862435.0,7.5,6.9
720,662712.5,6862024.0,662698.2,6862073.0,17.0,8.2
721,662674.3,6862107.0,662691.9,6862071.0,17.0,8.2
722,662632.8,6862217.0,662644.8,6862189.0,17.0,8.2
723,662644.8,6862189.0,662674.3,6862107.0,17.0,8.2
724,663244.1,6860857.0,663225.0,6860875.0,10.0,8.3
725,663222.6,6860874.0,663241.4,6860855.0,10.0,8.3
726,663378.6,6861627.0,663327.1,6861732.0,8.0,9.3
727,663327.1,6861732.0,663427.1,6861749.0,7.5,6.9
728,663426.9,6861750.0,663327.1,6861732.0,7.5,6.9
729,663370.2,6861899.0,663327.1,6861732.0,7.5,6.9
730,663327.1,6861732.0,663151.5,6861785.0,7.5,6.9
731,663327.1,6861732.0,663273.6,6861554.0,7.5,6.9
732,662667.9,6860965.0,662699.8,6860787.0,41.0,10.2
733,662786.7,6860658.0,662733.0,6860839.0,41.0,10.2
734,662799.4,6860529.0,662786.7,6860658.0,41.0,10.2
735,662130.6,6862483.0,662332.9,6862225.0,41.0,10.2
736,662081.1,6862569.0,662130.6,6862483.0,41.0,10.2
737,662801.7,6861326.0,662835.8,6861295.0,7.5,6.9
738,662720.6,6861602.0,662620.3,6861521.0,7.5,6.9
739,662772.1,6861634.0,662720.6,6861602.0,7.5,6.9
740,664378.0,6861549.0,664417.3,6861568.0,14.0,7.3
741,663080.2,6861859.0,663043.3,6861941.0,7.5,6.9
742,663040.1,6861940.0,663079.0,6861858.0,7.5,6.9
743,662915.8,6861712.0,663040.1,6861940.0,7.5,6.9
744,663043.3,6861941.0,663003.4,6862046.0,7.5,6.9
745,663002.3,6862047.0,663040.4,6861940.0,7.5,6.9
746,662808.6,6861337.0,662823.0,6861379.0,7.5,6.9
747,662820.7,6861378.0,662813.1,6861335.0,7.5,6.9
748,662054.7,6862606.0,662063.2,6862550.0,7.5,6.9
749,662025.2,6862782.0,662054.7,6862606.0,7.5,6.9
750,663292.7,6862009.0,663348.6,6862060.0,8.5,6.9
751,663347.7,6862061.0,663291.5,6862011.0,8.5,6.9
752,663348.6,6862060.0,663462.2,6862139.0,8.5,6.9
753,663461.5,6862140.0,663347.7,6862061.0,8.5,6.9
754,663348.6,6862060.0,663315.6,6862102.0,7.5,6.9
755,663313.7,6862101.0,663347.7,6862060.0,7.5,6.9
756,663163.3,6862001.0,663115.3,6861888.0,7.5,6.9
757,663208.9,6861958.0,663163.3,6862001.0,7.5,6.9
758,663163.3,6862001.0,663186.5,6862015.0,7.5,6.9
759,663186.1,6862016.0,663162.0,6862002.0,7.5,6.9
760,662521.6,6860986.0,662705.9,6861043.0,10.0,6.5
761,662706.5,6861044.0,662520.3,6860988.0,10.0,6.5
762,662753.6,6860536.0,662766.0,6860478.0,41.0,10.2
763,662699.8,6860787.0,662732.4,6860626.0,41.0,10.2
764,662732.4,6860626.0,662753.6,6860536.0,41.0,10.2
765,662494.9,6862025.0,662453.3,6862167.0,7.5,6.9
766,662453.3,6862167.0,662632.8,6862217.0,7.5,6.9
767,662494.9,6862025.0,662412.5,6862174.0,41.0,10.2
768,662429.6,6861972.0,662444.3,6861900.0,41.0,10.2
769,662412.9,6862047.0,662429.6,6861972.0,41.0,10.2
770,662363.1,6862173.0,662412.9,6862047.0,41.0,10.2
771,662332.9,6862225.0,662363.1,6862173.0,41.0,10.2
772,662593.4,6862394.0,662586.8,6862412.0,17.0,8.2
773,662576.5,6862427.0,662588.5,6862397.0,17.0,8.2
774,662586.8,6862412.0,662571.2,6862456.0,17.0,8.2
775,662571.1,6862458.0,662576.5,6862427.0,17.0,8.2
776,662467.9,6862377.0,662294.9,6862391.0,7.5,6.9
777,662294.9,6862391.0,662261.2,6862402.0,7.5,6.9
778,662586.3,6861282.0,662606.2,6861220.0,7.5,6.9
779,662855.0,6859924.0,662828.5,6860038.0,41.0,10.2
780,662828.5,6860038.0,662799.4,6860529.0,41.0,10.2
781,662536.7,6861461.0,662553.0,6861398.0,7.5,6.9
782,662444.3,6861900.0,662453.4,6861834.0,7.5,6.9
783,663268.2,6862260.0,663117.4,6862348.0,7.5,6.9
784,663117.4,6862348.0,663111.0,6862364.0,7.5,6.9
785,662236.9,6862387.0,662318.6,6862365.0,7.5,6.9
786,662117.7,6862454.0,662236.9,6862387.0,7.5,6.9
787,662318.6,6862365.0,662417.3,6862368.0,7.5,6.9
788,662713.3,6861988.0,662798.9,6861715.0,17.0,8.2
789,662567.1,6862336.0,662508.3,6862365.0,7.5,6.9
790,662508.3,6862365.0,662467.9,6862377.0,7.5,6.9
791,662098.5,6862554.0,662075.3,6862636.0,41.0,10.2
792,662222.5,6862476.0,662100.1,6862543.0,7.5,6.9
793,662101.5,6862540.0,662219.6,6862473.0,7.5,6.9
794,662261.2,6862402.0,662075.3,6862636.0,7.5,6.9
795,662530.9,6861492.0,662620.3,6861521.0,5,10
796,662835.8,6861295.0,662912.4,6861234.0,13.0,6.9
797,662662.7,6861181.0,662654.6,6861255.0,7.5,6.9
798,662654.6,6861255.0,662801.7,6861326.0,7.5,6.9
799,662813.9,6860039.0,662830.4,6859982.0,41.0,10.2
800,662766.0,6860478.0,662813.9,6860039.0,41.0,10.2
801,662835.4,6859965.0,662841.0,6859926.0,41.0,10.2
802,662830.4,6859982.0,662835.4,6859965.0,41.0,10.2
803,662620.3,6861521.0,662490.5,6861505.0,7.5,6.9
804,662444.3,6861900.0,662575.8,6861360.0,41.0,10.2
805,662589.0,6861498.0,662516.7,6861911.0,41.0,10.2
806,662516.7,6861911.0,662494.9,6862025.0,41.0,10.2
807,662412.5,6862174.0,662140.1,6862488.0,41.0,10.2
808,662140.1,6862488.0,662098.5,6862554.0,41.0,10.2
809,662067.8,6862613.0,662081.1,6862569.0,41.0,10.2
810,662025.2,6862782.0,662067.8,6862613.0,41.0,10.2
811,661982.1,6862508.0,662101.5,6862540.0,7.5,6.9
812,662100.1,6862543.0,661982.1,6862508.0,7.5,6.9
813,663444.6,6862479.0,663579.1,6862386.0,7.5,6.9
814,663552.8,6862219.0,663579.1,6862386.0,7.5,6.9
815,663944.7,6862450.0,663707.1,6862324.0,8.5,6.9
816,663444.6,6862479.0,663338.8,6862546.0,7.5,6.9
817,663337.6,6862545.0,663444.5,6862471.0,7.5,6.9
818,662796.4,6862600.0,663028.4,6862640.0,7.5,6.9
819,663028.5,6862642.0,662795.3,6862601.0,7.5,6.9
820,662640.0,6862484.0,662769.4,6862576.0,7.5,6.9
821,662774.4,6862581.0,662637.6,6862487.0,7.5,6.9
822,663573.7,6860449.0,663553.9,6860472.0,10.0,8.3
823,663552.5,6860472.0,663570.2,6860447.0,10.0,8.3
824,664062.5,6861383.0,664101.9,6861367.0,7.5,6.9
825,664040.1,6861393.0,664062.5,6861383.0,7.5,6.9
826,663967.4,6861425.0,664138.7,6861485.0,24.0,8.6
827,663780.3,6862536.0,663642.5,6862605.0,7.5,6.9
828,663697.7,6862457.0,663612.2,6862500.0,7.5,6.9
829,663611.2,6862498.0,663696.6,6862454.0,7.5,6.9
830,662700.2,6861427.0,662615.1,6861386.0,7.5,6.9
831,662484.9,6861669.0,662490.5,6861505.0,7.5,6.9
832,662453.4,6861834.0,662484.9,6861669.0,7.5,6.9
833,663490.2,6860400.0,663530.2,6860411.0,7.5,6.9
834,663530.2,6860411.0,663552.2,6860422.0,7.5,6.9
835,664370.3,6861559.0,664304.1,6861544.0,14.0,7.3
836,664415.1,6861575.0,664370.3,6861559.0,14.0,7.3
837,662961.5,6861087.0,663013.0,6861133.0,23.0,8.6
838,662800.6,6861657.0,662772.1,6861634.0,7.5,6.9
839,662798.9,6861715.0,662806.0,6861673.0,17.0,8.2
840,662571.0,6862314.0,662593.3,6862300.0,7.5,6.9
841,662417.3,6862368.0,662571.0,6862314.0,7.5,6.9
842,662700.2,6861427.0,662808.6,6861337.0,13.0,6.9
843,662670.9,6861458.0,662700.2,6861427.0,13.0,6.9
844,662978.0,6861173.0,662998.5,6861134.0,13.0,6.9
845,662568.1,6861346.0,662586.3,6861282.0,7.5,6.9
846,662553.0,6861398.0,662568.1,6861346.0,7.5,6.9
847,662065.9,6862529.0,662068.2,6862515.0,7.5,6.9
848,662063.2,6862550.0,662065.9,6862529.0,7.5,6.9
849,663207.5,6860346.0,663130.9,6860607.0,10.0,7.3
850,663129.4,6860607.0,663208.3,6860346.0,10.0,7.3
851,663399.8,6862726.0,663334.8,6862759.0,7.5,6.9
852,663334.8,6862759.0,663290.5,6862779.0,7.5,6.9
853,662671.9,6860843.0,662644.0,6860819.0,34.0,8.6
854,662640.7,6860817.0,662666.9,6860826.0,34.0,8.6
855,661990.0,6862587.0,661982.1,6862508.0,7.0,6.2
856,661982.1,6862508.0,661909.9,6862359.0,7.0,6.2
857,661914.1,6862356.0,661982.1,6862508.0,7.0,6.2
858,661982.1,6862508.0,661994.4,6862585.0,7.0,6.2
859,662287.4,6861502.0,662008.5,6861518.0,7.5,6.9
860,662009.7,6861503.0,662287.4,6861502.0,7.5,6.9
861,662416.7,6860966.0,662247.1,6860941.0,10.0,6.5
862,662246.8,6860936.0,662383.8,6860951.0,10.0,6.5
863,662383.8,6860951.0,662418.8,6860963.0,10.0,6.5
864,662462.8,6861674.0,662287.4,6861502.0,7.5,6.9
865,662287.4,6861502.0,662462.8,6861674.0,7.5,6.9
866,662831.3,6861674.0,662806.0,6861673.0,7.5,6.9
867,662806.0,6861673.0,662800.6,6861657.0,7.5,6.9
868,662800.6,6861657.0,662812.0,6861640.0,7.5,6.9
869,662812.0,6861640.0,662835.7,6861642.0,7.5,6.9
870,662835.7,6861642.0,662831.6,6861670.0,11.0,5.5
871,662458.7,6861285.0,662336.2,6861167.0,7.5,6.9
872,662338.2,6861167.0,662460.1,6861285.0,7.5,6.9
873,662336.2,6861167.0,662397.8,6861059.0,7.5,6.9
874,662397.8,6861059.0,662413.5,6860964.0,7.5,6.9
875,662416.7,6860966.0,662399.7,6861059.0,7.5,6.9
876,662399.7,6861059.0,662338.2,6861167.0,7.5,6.9
877,663090.3,6862830.0,663027.5,6862641.0,7.5,6.9
878,663028.5,6862642.0,663093.5,6862830.0,7.5,6.9
879,663888.6,6861690.0,663864.8,6861680.0,7.5,6.9
880,663866.0,6861678.0,663890.8,6861690.0,7.5,6.9
881,662287.4,6861502.0,662343.0,6861422.0,7.5,6.9
882,662343.0,6861422.0,662458.7,6861285.0,7.5,6.9
883,662460.1,6861285.0,662398.2,6861060.0,7.5,6.9
884,662397.8,6861059.0,662460.2,6861287.0,7.5,6.9
885,662460.1,6861285.0,662345.6,6861424.0,7.5,6.9
886,662345.6,6861424.0,662287.4,6861502.0,7.5,6.9
887,661867.7,6862524.0,661982.1,6862508.0,7.0,6.2
