id,eff_id,begin,eff_begin,end,eff_end,length,width,height,lon_cen,lat_cen
1,1,1,1,2,2,122.68210638738911,7.5,6.9,2.4996991885761863,48.86454490278962
2,1,3,1,4,2,122.17313045214165,7.5,6.9,2.499633718217451,48.86454912575438
3,3,5,1,6,6,107.67508284791528,7.5,6.9,2.498818452227655,48.86413651829737
4,4,7,7,8,8,155.91655342405497,7.5,6.9,2.502962513224284,48.86368614713577
5,5,9,8,10,10,125.14860170801737,7.5,6.9,2.5018732649665107,48.86327242206743
6,6,11,11,12,12,196.24029557474066,41.0,10.2,2.4819788651888732,48.86479327547042
7,7,13,13,14,10,99.50272979010082,7.5,6.9,2.5008934751059986,48.86310196315538
8,8,15,1,16,13,169.94755423990728,7.5,6.9,2.500099907717093,48.863341471045864
9,9,17,17,18,18,156.39265316570734,7.5,6.9,2.5047248630557393,48.86312687345264
10,10,19,17,20,8,146.0824555340224,7.5,6.9,2.5035324903937224,48.86273521985048
11,11,21,1,22,22,198.32053125288655,7.5,6.9,2.4990458368738624,48.86317068672213
12,12,23,22,24,24,189.73366086299635,7.5,6.9,2.4973125989294607,48.862542879088686
13,12,25,23,26,24,188.30706908793772,7.5,6.9,2.497297866116117,48.86251583716825
14,14,27,27,28,28,129.53509806568536,7.5,6.9,2.492461715143822,48.862864152134556
15,15,29,29,30,27,28.428980921204168,7.5,6.9,2.4927612686898195,48.86226736466766
16,15,31,29,32,30,28.930656574964672,7.5,6.9,2.4927414175484874,48.862276273877434
17,17,33,33,34,34,88.77339746180408,7.5,6.9,2.511413907116561,48.86243040531942
18,17,35,33,36,34,88.94313920576401,7.5,6.9,2.5113972979509116,48.86245731751236
19,19,37,8,38,38,110.37894670908726,7.5,6.9,2.502407715910676,48.86254618496946
20,20,39,39,40,22,65.88859655865079,7.5,6.9,2.498972584780153,48.86221258953772
21,20,41,39,42,40,65.89315026618668,7.5,6.9,2.4989779935625975,48.86221710885026
22,22,43,43,44,17,111.49557569049061,7.5,6.9,2.5042213167640477,48.86196914466116
23,23,45,45,46,13,91.90704377612789,7.5,6.9,2.5004773769278286,48.86228632991552
24,24,47,45,48,39,70.67703874993232,7.5,6.9,2.4998482997528706,48.86200490893114
25,24,49,47,50,48,69.14498923275703,7.5,6.9,2.499834074592233,48.861995856134406
26,26,51,51,52,52,147.9182321857655,7.5,6.9,2.5066332729194567,48.862469249239204
27,27,53,53,54,29,51.68135906959161,7.5,6.9,2.4928110939927057,48.86197978863638
28,27,55,53,56,54,53.100599589075905,7.5,6.9,2.4927702478307032,48.86197511884397
29,29,57,43,58,38,149.38750252205458,7.5,6.9,2.5030965568530505,48.861780116474286
30,30,59,38,60,60,91.04657805397659,7.5,6.9,2.501961999497338,48.86168996337072
31,31,61,61,62,33,162.98747597419387,7.5,6.9,2.510035345727092,48.861759262381455
32,31,63,61,64,62,161.9769351821146,7.5,6.9,2.5100049369617645,48.861804104590775
33,33,65,65,66,61,113.01329892089922,7.5,6.9,2.5091244460043436,48.86187244287601
34,34,67,22,68,68,143.6773126933643,7.5,6.9,2.4981865461885775,48.86174164201412
35,35,69,61,70,70,52.41012896346379,7.5,6.9,2.5088436817585107,48.86121927366893
36,36,71,70,72,72,250.21788405141655,7.5,6.9,2.507835653670817,48.86209198297633
37,37,73,70,74,52,185.55460965981007,7.5,6.9,2.507438198903555,48.86145631762237
38,38,75,75,76,76,75.99448726194805,7.5,6.9,2.490291069278021,48.86118666024228
39,38,77,75,78,76,73.73175370056582,7.5,6.9,2.490303248089138,48.86119570546813
40,40,79,75,80,80,186.72060079601118,7.5,6.9,2.4894271031821735,48.8618619755898
41,40,81,79,82,80,39.635424657215005,7.5,6.9,2.489707230766888,48.86123363559862
42,40,83,79,84,80,146.30375703594618,7.5,6.9,2.489291942816816,48.862023279323346
43,43,85,85,86,68,105.0871864819028,7.5,6.9,2.4975084268299614,48.86068207763986
44,43,87,85,88,86,106.94296812770769,7.5,6.9,2.497489041733499,48.86071347299535
45,45,89,89,90,90,24.84207275620656,7.5,6.9,2.4853119085256963,48.8610484359049
46,45,91,89,92,90,23.279238580618543,7.5,6.9,2.48527627840951,48.860998819158304
47,47,93,93,94,76,54.83964265253221,7.5,6.9,2.490887656971545,48.86109027271072
48,47,95,93,96,94,52.01012852400241,7.5,6.9,2.490876159565392,48.86108123043936
49,49,97,52,98,98,108.96493981907496,7.5,6.9,2.5060574945538145,48.861378679917536
50,50,99,98,100,100,49.92002914202733,7.5,6.9,2.505497954054223,48.86102113199675
51,50,101,99,102,100,48.813385967987436,7.5,6.9,2.5054709933354147,48.86098954386414
52,52,103,103,104,61,42.02770335607945,7.5,6.9,2.5091793100141784,48.86111273048873
53,53,105,70,106,103,49.04591072938204,7.5,6.9,2.508876425826352,48.86099907107088
54,54,107,107,108,108,177.04559892070387,7.5,6.9,2.488471125491894,48.861633059376935
55,55,109,109,110,108,27.508506660751095,7.5,6.9,2.488633352052935,48.86079737038001
56,55,111,109,112,110,27.014667970752168,7.5,6.9,2.4886153245382916,48.86082877011821
57,57,113,113,114,39,152.10725655947746,7.5,6.9,2.499083652315376,48.86143512973713
58,58,115,68,116,113,81.99635141990855,7.5,6.9,2.4982914914804706,48.860964157196555
59,59,117,117,118,33,179.0832809783562,7.5,6.9,2.5103548197303245,48.861486272824955
60,62,119,123,120,124,15.436958354856563,7.5,6.9,2.5094091329624533,48.86095179261735
61,62,121,123,122,124,29.549656475129137,7.5,6.9,2.5096385312843195,48.86083581928224
62,62,123,103,124,117,49.02919088601562,7.5,6.9,2.509502149642062,48.860844253736744
63,63,125,125,126,126,80.4348246882505,7.5,6.9,2.4916347573130944,48.86072472095172
64,63,127,125,128,126,79.2418520808418,7.5,6.9,2.491633944204762,48.86073820753854
65,65,129,129,130,117,106.81757359009964,7.5,6.9,2.5105188242898753,48.860641569453406
66,65,131,129,132,130,106.72216297214625,7.5,6.9,2.510508771036608,48.86062354163507
67,67,133,133,134,129,17.430534863854152,7.5,6.9,2.511333224600083,48.86049650738816
68,67,135,133,136,134,18.013269447441914,7.5,6.9,2.5113259391901606,48.860473994264616
69,69,137,137,138,43,116.52141485570088,7.5,6.9,2.5037986250200794,48.86098262132542
70,70,139,139,140,133,54.28541807920668,7.5,6.9,2.5118115323972754,48.86043550611123
71,70,141,139,142,140,53.70301266713705,7.5,6.9,2.5118036074430474,48.86040849373178
72,72,143,143,144,45,176.95177532787466,7.5,6.9,2.500054478051068,48.86111542862097
73,72,145,143,146,144,177.44477276997443,7.5,6.9,2.5000504322800112,48.861110915039255
74,74,147,113,148,143,90.48133268015633,7.5,6.9,2.4992931195795163,48.86055915444162
75,75,149,149,150,139,42.59506898531054,7.5,6.9,2.512453772728684,48.860334700800856
76,75,151,149,152,150,44.87395382393919,7.5,6.9,2.51245611170875,48.86030323360496
77,77,153,153,154,103,102.2331958679329,7.5,6.9,2.509050392080164,48.86047367385809
78,78,155,98,156,156,115.4157593395302,7.5,6.9,2.505567689200337,48.86042336213471
79,79,157,137,158,156,142.24007970749227,7.5,6.9,2.5044596125822567,48.86020293855025
80,80,159,159,160,143,54.92715905927398,7.5,6.9,2.4997447042319783,48.86008889160286
81,80,161,159,162,160,54.07081658237575,7.5,6.9,2.4997228538671235,48.86009329694247
82,82,163,60,164,164,167.7378045150819,7.5,6.9,2.5014075823661583,48.86058596914586
83,83,165,143,166,164,105.16786452978124,7.5,6.9,2.500446580156962,48.860096320299135
84,84,167,167,168,60,274.88107622542947,7.5,6.9,2.5024977771341255,48.86010936144654
85,84,169,167,170,168,281.6449393559715,7.5,6.9,2.5024920247942437,48.860140814263886
86,86,171,129,172,172,96.21840927141166,7.5,6.9,2.5111042932576746,48.86005489806084
87,87,173,173,174,139,18.6834989685559,7.5,6.9,2.5121192432046544,48.86025239728163
88,88,175,175,176,173,71.14318856457889,7.5,6.9,2.5119709380982873,48.85986058169899
89,89,177,175,178,172,63.79542833869227,7.5,6.9,2.511438638790041,48.85957511909774
90,89,179,177,180,178,63.05233348621569,7.5,6.9,2.5114303346694555,48.85958857523041
91,91,181,181,182,70,49.664016494572614,7.5,6.9,2.5084210174270978,48.86087129437188
92,92,183,183,184,181,157.95959973892073,7.5,6.9,2.5077746080184484,48.8600412488633
93,93,185,164,186,167,187.42905985106188,7.5,6.9,2.502156116975094,48.85941994888924
94,94,187,187,188,188,329.6986480678882,7.5,6.9,2.4974203699254525,48.858577260519105
95,94,189,187,190,188,330.1535270662611,7.5,6.9,2.4974305483758754,48.8585817999607
96,96,191,191,192,188,57.54571126741769,7.5,6.9,2.4997117266039575,48.859193913967914
97,97,193,193,194,183,65.52454247512297,7.5,6.9,2.507656525540782,48.859267334349475
98,97,195,193,196,194,67.12637809714997,7.5,6.9,2.507626753578595,48.85924472845467
99,99,197,156,198,167,186.6569849444243,8.5,6.9,2.504287528426185,48.859451280285775
100,100,199,172,200,200,77.39782599324543,7.5,6.9,2.510908431842402,48.85928516577227
101,101,201,201,202,175,76.00992912128785,7.5,6.9,2.511787724766081,48.859194325956686
102,102,203,201,204,200,65.18388275644655,7.5,6.9,2.5112664631527566,48.858895417381774
103,102,205,203,206,204,66.36483554406728,7.5,6.9,2.511259606381083,48.85889988605985
104,104,207,207,208,201,43.39687207721394,7.5,6.9,2.511993017934952,48.8588129455081
105,104,209,207,210,208,43.49310649463348,7.5,6.9,2.511990418450992,48.85879944486273
106,106,211,211,212,183,93.35845774506011,7.5,6.9,2.5069105756215784,48.85902144216847
107,107,213,213,214,211,40.28589630215115,7.0,5.5,2.506439004897374,48.85880365739995
108,108,215,156,216,213,128.85724015218642,7.0,5.5,2.505807370140211,48.85943957946028
109,109,217,217,218,211,50.895078480701734,7.5,6.9,2.506274220708333,48.858573646785345
110,110,219,200,220,220,67.10710849460848,7.5,6.9,2.510732476787293,48.858645917783
111,111,221,221,222,217,79.41245710743871,7.5,6.9,2.505433692118564,48.85838581190953
112,112,223,223,224,221,39.323377366521925,7.5,6.9,2.5049491771936303,48.858455755421645
113,113,225,156,226,223,146.488109230003,7.5,6.9,2.505158064173269,48.85927951234832
114,114,227,227,228,221,40.13703918027365,7.5,6.9,2.5046828168676436,48.85837371289696
115,115,229,167,230,227,105.11055748820098,7.5,6.9,2.5038446978440208,48.858720982374265
116,116,231,231,232,167,120.29362455628446,8.5,6.9,2.502625834056806,48.85861699554107
117,116,233,231,234,232,120.74675669371942,8.5,6.9,2.502621745322469,48.85861697854783
118,118,235,231,236,191,168.89775777649888,7.5,6.9,2.501025303399566,48.858659796189094
119,119,237,237,238,201,68.39357877312645,7.5,6.9,2.5116166137065807,48.85854610565337
120,120,239,237,240,220,65.1221971541891,7.5,6.9,2.5110894438256084,48.858296635502604
121,121,241,211,242,242,62.704420011166974,7.0,5.5,2.506805286319206,48.85840945932273
122,122,243,243,244,153,211.71279067760457,7.5,6.9,2.508559032856995,48.85910016985188
123,123,245,211,246,243,129.60094065922365,7.5,6.9,2.5074028782681177,48.858416417516686
124,124,247,247,248,153,229.31784104508546,7.5,6.9,2.508863812914135,48.859011487368676
125,124,249,247,250,248,224.41820809884337,7.5,6.9,2.508829016004125,48.85901584125122
126,126,251,247,252,243,43.836727034947764,7.5,6.9,2.5084779006983675,48.85809257982565
127,127,253,253,254,237,35.04998214815572,7.5,6.9,2.511515288232566,48.85808703037952
128,128,255,242,256,217,86.06894180111675,7.5,6.9,2.5064816813483843,48.858327184902045
129,129,257,257,258,253,77.24267554373417,7.5,6.9,2.51201369949088,48.85784174626079
130,129,259,257,260,258,77.2352310435293,7.5,6.9,2.511999641813371,48.85781470882273
131,131,261,261,262,247,49.211439064602914,7.5,6.9,2.509091875509388,48.85787925919277
132,132,263,263,264,264,125.02227728654681,7.5,6.9,2.509689272065017,48.85826842321667
133,132,265,263,266,264,119.02944437191599,7.5,6.9,2.5096610786550233,48.858295287813846
134,134,267,263,268,261,19.40541816729557,7.5,6.9,2.5095208819664876,48.85776860117962
135,135,269,269,270,253,49.708519700617565,7.5,6.9,2.511401234707071,48.85767736637443
136,136,271,220,272,269,110.03443985594303,7.5,6.9,2.5109840832853143,48.85790499334647
137,137,273,273,274,191,364.68399537770415,7.5,6.9,2.4978872256051154,48.858219485341124
138,137,275,273,276,274,365.46281007262843,7.5,6.9,2.4979000864888916,48.858228532685594
139,139,277,242,278,278,110.52462978026223,7.0,5.5,2.507423522810242,48.85774649616322
140,140,279,279,280,221,104.22535773162382,7.5,6.9,2.504717932384264,48.85776230873993
141,140,281,279,282,280,110.53439813765323,7.5,6.9,2.504686158479769,48.857807144095396
142,142,283,279,284,231,206.78201316344396,7.5,6.9,2.5032333611335944,48.85779662548295
143,142,285,283,286,284,208.2361155968868,7.5,6.9,2.503232722566783,48.8577921261448
144,144,287,287,288,278,40.40543567145379,7.5,6.9,2.5080567817403505,48.857222988674806
145,145,289,289,290,290,120.62816860678616,7.5,6.9,2.502330160196386,48.85710937564242
146,146,291,231,292,289,138.03866818866848,7.5,6.9,2.5017572353272253,48.85766008428987
147,147,293,293,294,289,131.92928850446523,7.5,6.9,2.5006126055639104,48.857066246679885
148,148,295,295,296,269,56.41356753348531,7.5,6.9,2.5115319037152974,48.85725970793624
149,148,297,295,298,296,54.54765240466036,7.5,6.9,2.5114938696468454,48.85724606261504
150,150,299,299,300,300,56.59307529714193,7.5,6.9,2.507277980386023,48.85699494998852
151,150,301,299,302,300,56.953796966381404,7.5,6.9,2.507291012686758,48.85698601026755
152,152,303,303,304,299,24.420029184014655,7.5,6.9,2.50781839866242,48.85692073021262
153,152,305,303,306,304,28.283060246563746,7.5,6.9,2.507854769478456,48.85689389965917
154,154,307,307,308,287,34.156844129403325,7.5,6.9,2.508340633989805,48.856967843938726
155,155,309,307,310,303,31.58882660942839,7.5,6.9,2.50819165219039,48.856868304553004
156,155,311,309,312,310,26.872195088712324,7.5,6.9,2.508221889880588,48.856841448677976
157,157,313,313,314,295,104.8649080297165,7.5,6.9,2.5110686564310045,48.85680814723798
158,157,315,313,316,314,102.71758977498399,7.5,6.9,2.5110556670250683,48.85681259085208
159,159,317,317,318,295,21.5281055548253,7.5,6.9,2.51182859477132,48.856941653791445
160,160,319,319,320,293,53.0906213470697,8.5,6.9,2.4994075886553015,48.856944297637604
161,160,321,319,322,320,52.75799967442049,8.5,6.9,2.4993966857209635,48.85694425202791
162,162,323,313,324,263,135.50309807600198,7.5,6.9,2.510061651260467,48.85715027345147
163,163,325,313,326,307,151.9192020625639,7.5,6.9,2.5094203949673113,48.85671596426763
164,163,327,325,328,326,151.73803939183313,7.5,6.9,2.5094205219738317,48.856702474716144
165,165,329,329,330,319,44.695848006237156,8.5,6.9,2.4988456107267223,48.85670811728127
166,165,331,329,332,330,44.52724530068844,8.5,6.9,2.4988305327576517,48.8567170475223
167,167,333,319,334,334,34.70761615893154,7.5,6.9,2.4991926749231235,48.8566870868134
168,168,335,289,336,336,120.94007841701865,7.5,6.9,2.501145453309916,48.85657383273679
169,169,337,336,338,293,133.9898030383686,7.5,6.9,2.5002438803408564,48.85657456754952
170,170,339,339,340,329,98.08828008477016,8.5,6.9,2.4980690547941014,48.856322643386264
171,170,341,339,342,340,101.540036073005,8.5,6.9,2.4980308516521395,48.856326979834336
172,172,343,343,344,317,132.01415391473046,7.5,6.9,2.5128268870906876,48.85687377529176
173,172,345,343,346,344,130.7140162274185,7.5,6.9,2.5128277366948693,48.85685579199206
174,174,347,347,348,317,127.20413390249709,7.5,6.9,2.512364944962894,48.85635477418414
175,175,349,313,350,350,108.52694476921519,7.5,6.9,2.510760638385104,48.85615486797623
176,176,351,351,352,352,81.71324110873933,7.5,6.9,2.513646053796383,48.8556270272227
177,177,353,351,354,347,44.631721367080615,7.5,6.9,2.512953827176807,48.85568716537184
178,178,355,307,356,356,186.09799734388628,7.0,5.5,2.5090561402261535,48.856102919971676
179,179,357,357,358,356,66.95977702049571,7.5,6.9,2.5092901218712362,48.8552809846735
180,179,359,357,360,358,66.48697600350643,7.5,6.9,2.5092790922308357,48.85529442953075
181,181,361,357,362,299,210.11808212953457,7.5,6.9,2.5082585334498626,48.85606367127594
182,182,363,363,364,357,52.113330989523924,7.5,6.9,2.5085210139272593,48.85511145037325
183,182,365,363,366,364,50.801672644045134,7.5,6.9,2.508525017562747,48.85512046021162
184,184,367,363,368,300,242.60317580289865,7.5,6.9,2.507558201293646,48.856042804395386
185,184,369,367,370,368,243.52699673229165,7.5,6.9,2.5075446153508727,48.856038251787055
186,186,371,371,372,363,81.18523284348231,7.5,6.9,2.5076820233527783,48.85491014672724
187,186,373,371,374,372,80.52234880582755,7.5,6.9,2.5076839826052066,48.854919148184955
188,188,375,350,376,376,122.32945045035842,7.5,6.9,2.5114650991998997,48.855226930380546
189,189,377,377,378,378,125.10571913001937,7.5,6.9,2.5145980490200266,48.854893434858965
190,190,379,378,380,380,25.868039592512098,7.5,6.9,2.5136794600016263,48.85482225448339
191,191,381,356,382,382,108.46748454465028,7.0,5.5,2.510094422311229,48.85496951144669
192,192,383,376,384,384,92.82842895465728,7.5,6.9,2.511317123833054,48.85451135131564
193,193,385,382,386,384,37.44416678069631,7.0,5.5,2.510632477845067,48.85441861924449
194,194,387,376,388,388,62.26302806252018,7.5,6.9,2.5120355746933973,48.8544873030738
195,195,389,389,390,382,40.5575958066638,7.5,6.9,2.510283642735456,48.854412695402644
196,195,391,389,392,390,40.813270753345456,7.5,6.9,2.510271208471373,48.85443063130947
197,197,393,357,394,389,133.2871857281996,7.5,6.9,2.509452481257761,48.854755536706264
198,198,395,395,396,389,43.8190510590926,7.5,6.9,2.5098531948912703,48.854172607831195
199,198,397,395,398,396,42.75147989184756,7.5,6.9,2.5098449335225768,48.85418156739143
200,200,399,395,400,363,151.19083487619582,7.5,6.9,2.508914757671062,48.85454648290273
201,200,401,399,402,400,151.92010020169408,7.5,6.9,2.508913437246711,48.854541980782194
202,202,403,403,404,395,103.21503267268646,7.5,6.9,2.5091391950665987,48.85372450746122
203,202,405,403,406,404,101.8443483129654,7.5,6.9,2.509131615040371,48.85373346976971
204,204,407,407,408,408,50.02438985254606,14.0,7.3,2.515375474318148,48.853291264249066
205,205,409,408,410,410,97.43120842768181,7.5,6.9,2.5147190096104155,48.85361236615288
206,207,411,413,412,414,100.57364596523367,7.5,6.9,2.5134511838666067,48.853508290131025
207,207,413,413,414,414,111.83914573661134,7.5,6.9,2.513310892240631,48.85342677891281
208,208,415,414,416,416,30.541208395722567,14.0,7.3,2.5133562173670465,48.85287836546888
209,209,417,388,418,416,177.77159703639273,7.5,6.9,2.5127132394532268,48.853505287082584
210,210,419,416,420,420,64.08857487678229,14.0,7.3,2.5127593943386164,48.85272304868145
211,211,421,420,422,422,34.10962812844332,14.0,7.3,2.5121318708400637,48.85257210037476
212,212,423,422,424,424,32.37655299521657,7.5,6.9,2.511885816967791,48.85265203757981
213,213,425,425,426,426,36.782785286570125,17.0,8.2,2.4902278284130155,48.86033651805656
214,213,427,425,428,426,44.43932432360447,17.0,8.2,2.4901264202999447,48.860322595984975
215,220,429,439,430,440,32.41882943480301,7.5,6.9,2.4899832692124133,48.86004768829641
216,216,431,431,432,425,57.90780695379024,17.0,8.2,2.4904321408215786,48.85993268664648
217,216,433,431,434,432,39.01960981196134,17.0,8.2,2.4903787665972286,48.85981554557421
218,220,435,439,436,440,33.17817587441878,7.5,6.9,2.4901779087695157,48.85979670329788
219,216,437,431,438,432,20.101860282963464,17.0,8.2,2.490185117399367,48.860035058307446
220,220,439,439,440,440,43.563273023650325,7.5,6.9,2.4900058261653313,48.85983194355548
221,221,441,441,442,85,214.81736733513043,7.5,6.9,2.4958407838968264,48.859906131601115
222,221,443,441,444,442,214.32173348952557,7.5,6.9,2.495815395371545,48.859924011364406
223,223,445,445,446,439,65.57336224060225,7.5,6.9,2.490481097749727,48.85945624643667
224,224,447,445,448,431,53.729490771689264,17.0,8.2,2.4906521896098988,48.85945247807837
225,223,449,445,450,446,91.92949775698455,7.5,6.9,2.490429021090084,48.85927615719109
226,226,451,451,452,441,139.8332691040956,7.5,6.9,2.4947949348621217,48.85896641013244
227,226,453,451,454,452,140.4712450705234,7.5,6.9,2.494791440367334,48.85897538875489
228,228,455,455,456,441,213.4633927266252,7.5,6.9,2.4931501418075808,48.859143819505846
229,228,457,455,458,456,212.61303500749335,7.5,6.9,2.4931500105778626,48.859157309005184
230,230,459,455,460,460,82.67220373296675,7.5,6.9,2.4917254687239003,48.85911079653084
231,230,461,459,462,460,84.27253250425537,7.5,6.9,2.4916962097575097,48.85910617556655
232,232,463,463,464,451,245.84077047623,7.5,6.9,2.4934661986598945,48.858178369859594
233,233,465,463,466,455,85.02808142993959,7.5,6.9,2.4918534549396596,48.85835589630773
234,233,467,465,468,466,85.04013742784349,7.5,6.9,2.4918295164228303,48.85836478803538
235,621,469,1241,470,1242,21.04529494230333,7.5,6.9,2.4916793190304585,48.85769414308126
236,720,471,1439,472,1440,56.21597138752828,17.0,8.2,2.491601605736984,48.857347567485164
237,706,473,1411,474,1412,29.66864688705632,17.0,8.2,2.4917510740791986,48.85697497671098
238,238,475,475,476,279,144.82608055043906,8.0,9.3,2.5043821522971235,48.85666822260763
239,239,477,477,478,475,64.89776491524384,8.0,9.3,2.5040882422682857,48.85575867272708
240,240,479,479,480,477,30.927287869330005,8.0,9.3,2.503738650923062,48.855401984322384
241,241,481,481,482,482,179.12163019375913,7.5,6.9,2.498896398065115,48.855395294511844
242,241,483,481,484,482,180.04793815721732,7.5,6.9,2.498880639063821,48.855404221914256
243,243,485,485,486,479,39.73792169295376,8.0,9.3,2.503365077815008,48.85520257969435
244,244,487,485,488,488,186.37036219059206,7.5,6.9,2.502506923195438,48.85579707566396
245,244,489,487,490,488,184.32193910840263,7.5,6.9,2.502503387301344,48.855810551062866
246,246,491,491,492,485,30.709848732389695,8.0,9.3,2.5029835451324405,48.85498065728526
247,247,493,491,494,494,190.06657048047344,7.5,6.9,2.5021855203028833,48.85562936118256
248,247,495,493,496,494,190.1658996310404,7.5,6.9,2.5021746176404833,48.855629315824864
249,249,497,497,498,491,59.90818279384495,7.5,6.9,2.503218344398713,48.854797267619766
250,249,499,497,500,498,60.73188615962211,7.5,6.9,2.503212254620421,48.85479274563623
251,251,501,501,502,491,94.80461007714672,7.5,6.9,2.502194019941105,48.854810997436616
252,251,503,501,504,502,93.8172344821221,7.5,6.9,2.5021952968358088,48.85481999614957
253,253,505,501,506,506,166.72569117110783,7.5,6.9,2.5013956864483746,48.855491171678864
254,253,507,505,508,506,166.76879076163007,7.5,6.9,2.5013855512885574,48.85548213604968
255,255,509,479,510,510,93.26118740486048,7.5,6.9,2.5039465888582417,48.85496216999066
256,256,511,510,512,497,52.76216306441952,7.5,6.9,2.503954908100391,48.85466092558779
257,256,513,511,514,512,53.1775845917432,7.5,6.9,2.5039523537144786,48.854642928193684
258,258,515,515,516,516,98.34995548254298,7.5,6.9,2.5063696758613028,48.85475634900927
259,259,517,516,518,477,166.73369202653421,7.5,6.9,2.504852645620961,48.85506035342734
260,259,519,517,520,518,165.7296664221765,7.5,6.9,2.5047867198691662,48.855042093816564
261,261,521,521,522,522,220.56046787480366,7.5,6.9,2.495716781387781,48.85504468413956
262,262,523,523,524,521,94.10405584888291,7.5,6.9,2.494031053044185,48.85418769082769
263,262,525,523,526,524,92.35015785132016,7.5,6.9,2.4940233393653766,48.854210141744154
264,261,527,521,528,522,220.18795089617436,7.5,6.9,2.495702384773934,48.85505361687039
265,265,529,516,530,530,47.26707841349535,7.5,6.9,2.505447952381308,48.85451421787298
266,266,531,530,532,510,64.77247811999395,7.5,6.9,2.504730350639219,48.85452024325433
267,266,533,531,534,532,58.60851711373131,7.5,6.9,2.504676562619638,48.8545155239023
268,268,535,481,536,536,95.19207371048736,7.5,6.9,2.4973209983006037,48.854750154978845
269,269,537,537,538,491,89.67491912923056,8.0,9.3,2.5023748241751025,48.854573424240016
270,270,539,530,540,540,93.42560964440742,7.5,6.9,2.5045651198473626,48.85426774395266
271,271,541,540,542,497,72.09502837967771,7.5,6.9,2.5037951747705165,48.85440395126254
272,271,543,541,544,542,72.38910472839164,7.5,6.9,2.5037707728169902,48.85439035995996
273,273,545,545,546,481,127.258701304454,7.5,6.9,2.4981917382614207,48.85455145803447
274,273,547,545,548,546,128.6774897187447,7.5,6.9,2.4981700200052948,48.85454237354162
275,275,549,536,550,550,65.49119351505446,7.5,6.9,2.496665508754871,48.85418081472004
276,276,551,551,552,552,19.688704438123708,7.5,6.9,2.5047125452221715,48.85338250349852
277,276,553,551,554,552,19.062259763089507,7.5,6.9,2.5047090100645257,48.85339597898293
278,278,555,555,556,537,104.16243204688811,8.0,9.3,2.501433482790292,48.85396245077641
279,279,557,550,558,558,183.16348395188356,7.5,6.9,2.4958251603817505,48.853210484559085
280,280,559,559,560,560,66.76516446253498,7.5,6.9,2.507904594151693,48.853566548522046
281,281,561,551,562,540,93.69104685693895,7.5,6.9,2.504279296126872,48.853726955654935
282,281,563,561,564,562,94.8829883694373,7.5,6.9,2.504283384476801,48.8537269725892
283,283,565,565,566,555,152.2687979527833,8.0,9.3,2.500197701063643,48.85314788807325
284,284,567,567,568,536,112.01800216756315,7.5,6.9,2.4972661924229347,48.854003471716666
285,284,569,567,570,568,112.5382528145329,7.5,6.9,2.4972512017322583,48.85400340872794
286,286,571,571,572,559,139.49278038599815,7.5,6.9,2.5066099101827595,48.85320597736131
287,287,573,573,574,545,138.80819814881,7.5,6.9,2.4990387026237264,48.85349378444697
288,287,575,573,576,574,134.89032749762305,7.5,6.9,2.4990304395008285,48.85350274327986
289,289,577,577,578,578,143.43907830589012,7.5,6.9,2.5087302836181165,48.85293590610915
290,290,579,559,580,578,65.00137415024204,7.5,6.9,2.507619381538796,48.85317416183336
291,291,581,581,582,571,59.43086528398932,7.5,6.9,2.5053447982671293,48.85289048118313
292,292,583,581,584,551,68.68076517602712,7.5,6.9,2.5047762228843946,48.85306350086468
293,292,585,583,586,584,65.4781095738906,7.5,6.9,2.504772559560269,48.85309046595028
294,294,587,587,588,581,44.03847822679146,7.5,6.9,2.5046671713973505,48.852707809577105
295,295,589,587,590,590,67.04028278972547,7.5,6.9,2.5042093613067293,48.852912762048305
296,295,591,589,592,590,66.47505473054146,7.5,6.9,2.5042032288811185,48.852912736641336
297,803,593,1605,594,1606,94.78392934971373,7.5,6.9,2.489981442085206,48.85250671530364
298,298,595,595,596,587,41.87155273859044,7.5,6.9,2.5041113016113643,48.85254812231106
299,299,597,565,598,573,32.007432337313794,7.5,6.9,2.499480122954145,48.8527986419314
300,300,599,599,600,565,34.26980077697444,7.5,6.9,2.4993799562643653,48.852514930104114
301,300,601,599,602,600,36.476481674525765,7.5,6.9,2.4993622837009117,48.85251035944891
302,299,603,597,604,598,35.15910018584112,7.5,6.9,2.4994717304409177,48.85282109037419
303,682,605,1363,606,1364,29.15798105893649,7.5,6.9,2.4891794676167858,48.852363895989704
304,304,607,607,608,599,13.98331912797067,8.0,9.3,2.4992092968299175,48.852334347487314
305,305,609,609,610,595,51.62934180021584,7.5,6.9,2.5035282659458797,48.85237932629818
306,306,611,537,612,609,239.7642078966318,7.5,6.9,2.502575849956321,48.85328820228656
307,307,613,558,614,614,32.64774793426972,7.5,6.9,2.4950145311167673,48.852411148289626
308,308,615,1363,616,616,30.657753639934775,7.5,6.9,2.4894144562994995,48.85223449419739
309,309,617,617,618,618,34.179791091396176,8.0,9.3,2.5018588568639033,48.85237688451251
310,682,619,1363,620,1364,44.67081070058605,7.5,6.9,2.4892203536375015,48.852224672333804
311,311,621,614,622,622,31.70855318256637,7.5,6.9,2.4946625550883947,48.85223878715658
312,312,623,622,624,624,56.23752045711743,11.0,5.5,2.4943374200032102,48.85239030180505
313,313,625,625,626,607,20.868788256842,8.0,9.3,2.4990550676558207,48.85221678735521
314,314,627,627,628,609,82.59267272131856,7.5,6.9,2.502693855998838,48.852133038804766
315,315,629,627,630,617,33.978604249569834,8.0,9.3,2.5020638459597624,48.85210343834963
316,316,631,578,632,632,123.41221709231436,7.5,6.9,2.5080058735224156,48.85236634424856
317,317,633,633,634,625,59.56530941180881,8.0,9.3,2.4986807781724414,48.8519544103678
318,318,635,633,636,550,277.47721005163896,7.5,6.9,2.497418691501017,48.85281698106017
319,318,637,635,638,636,277.8291059729858,7.5,6.9,2.497424563707801,48.85284398599157
320,320,639,639,640,640,51.390614627643906,7.5,6.9,2.4993455010841226,48.851916723154
321,321,641,641,642,642,55.43799832122297,7.5,6.9,2.493662538857482,48.851789384705455
322,321,643,641,644,642,54.35756883252482,7.5,6.9,2.4936610450481274,48.851802868531706
323,323,645,641,646,646,158.1163414245297,7.5,6.9,2.4923447192492,48.851999643225
324,323,647,645,648,646,157.21105088679187,7.5,6.9,2.4923420813869663,48.851990638598856
325,325,649,617,650,650,173.37999267167825,7.5,6.9,2.500864355836666,48.85191407554032
326,326,651,640,652,650,24.44632217757149,7.5,6.9,2.499645124807547,48.85165267035614
327,327,653,653,654,654,80.81338425459757,13.0,6.9,2.490940223703282,48.85236240659871
328,328,655,571,656,656,177.84601737768196,7.5,6.9,2.5061593936674647,48.85221034604309
329,329,657,657,658,633,46.251865710032206,8.0,9.3,2.4981582263265576,48.85159248263794
330,330,659,659,660,627,66.55481217313825,8.0,9.3,2.502369557766562,48.85170000601697
331,333,661,665,662,666,48.98541041703682,7.5,6.9,2.5117739502123504,48.8523008380194
332,333,663,665,664,666,103.8024611241843,7.5,6.9,2.511222027587366,48.85171850918653
333,333,665,422,666,666,154.36165411660323,7.5,6.9,2.511359128643107,48.85192142107504
334,334,667,640,668,668,65.64028772025324,7.5,6.9,2.4991735976612075,48.851511299429276
335,335,669,669,670,581,173.62152661822572,7.5,6.9,2.505380716682316,48.852049744814586
336,336,671,671,672,672,115.01365651903313,41.0,10.2,2.490350925719831,48.85193270987595
337,337,673,673,674,587,171.14607969748474,7.5,6.9,2.504825148526489,48.851930532410364
338,337,675,673,676,674,169.2670938286518,7.5,6.9,2.5047877159960357,48.851925880779255
339,339,677,677,678,669,42.956385722176435,7.5,6.9,2.5062386082537063,48.85111347529664
340,340,679,679,680,657,99.97032805607802,8.0,9.3,2.4974842280730742,48.85110850513738
341,341,681,609,682,682,166.51248554315492,7.5,6.9,2.5035665103537172,48.851583566766166
342,342,683,683,684,659,169.27901098757508,7.5,6.9,2.50150023386115,48.851116311241405
343,343,685,650,686,683,100.20302156616445,7.5,6.9,2.5001168974943293,48.85120047396644
344,344,687,687,688,666,75.73452487803456,7.5,6.9,2.5105277924785585,48.851054654563285
345,344,689,687,690,688,73.72822610781388,7.5,6.9,2.510499048768235,48.85106802711233
346,346,691,687,692,692,277.53818908922227,7.5,6.9,2.5083097110109693,48.85078475122236
347,347,693,692,694,677,19.17399390186385,7.5,6.9,2.5063733047285885,48.85084872489339
348,347,695,693,696,694,19.07278645626128,7.5,6.9,2.5063372781538975,48.85083958282465
349,349,697,697,698,659,81.50140994005388,8.0,9.3,2.50282900992422,48.851108349662866
350,350,699,699,700,700,45.99741609429257,13.0,6.9,2.4933927526719892,48.85080346134684
351,351,701,701,702,683,56.23758928570976,7.5,6.9,2.5001032888105295,48.85070128152835
352,351,703,701,704,702,55.533132458982564,7.5,6.9,2.5000949831758685,48.850714736979995
353,353,705,701,706,668,100.6035134337699,7.5,6.9,2.4992906124524485,48.85096318972542
354,353,707,705,708,706,100.9074353348776,7.5,6.9,2.499291250602047,48.85096768911186
355,355,709,709,710,679,100.78948724544686,7.5,6.9,2.4964010548766535,48.850591325088814
356,355,711,709,712,710,100.51416924352792,7.5,6.9,2.4964030120178875,48.85060032676647
357,357,713,709,714,614,221.8035885158709,7.5,6.9,2.495301998147233,48.851364626189415
358,357,715,713,716,714,223.34391502348305,7.5,6.9,2.4953060863065444,48.851364643426244
359,359,717,717,718,709,29.54988150896181,7.5,6.9,2.4956000933641342,48.85034512818561
360,359,719,717,720,718,29.250667177586788,7.5,6.9,2.4955923809246356,48.850367579279784
361,361,721,683,722,722,62.08882300840026,7.5,6.9,2.500617130612535,48.850550538803965
362,362,723,723,724,687,73.76738432480683,7.5,6.9,2.5099257779678514,48.850512584519564
363,362,725,723,726,724,72.546653086394,7.5,6.9,2.509915346275982,48.85053502537033
364,364,727,727,728,701,159.61952045894395,7.5,6.9,2.4987043433821006,48.85042562547111
365,364,729,727,730,728,159.21043450551215,7.5,6.9,2.498704429888699,48.85041663238973
366,366,731,668,732,727,148.6479850579067,7.5,6.9,2.4982513197603478,48.850769973755504
367,367,733,733,734,677,148.9059051355882,7.5,6.9,2.5054790335062584,48.850521268581154
368,368,735,735,736,692,71.31716404714821,7.5,6.9,2.506537808849845,48.85045818910664
369,368,737,735,738,736,70.05239363656487,7.5,6.9,2.506536403569094,48.85046268002873
370,370,739,735,740,740,79.60948750469198,7.5,6.9,2.5061119251546025,48.85017313873759
371,370,741,739,742,740,80.33390715308586,7.5,6.9,2.506116183688671,48.850155169443134
372,372,743,717,744,744,65.03159031701159,7.5,6.9,2.4950032651251965,48.85019871555586
373,373,745,745,746,723,33.87428605341556,7.5,6.9,2.509474191721305,48.85013300980263
374,373,747,745,748,746,35.86430460006478,7.5,6.9,2.5094706580142327,48.850146485466226
375,375,749,735,750,745,195.6772512016625,7.5,6.9,2.5079830674790338,48.85009091378992
376,376,751,751,752,733,57.980982995211335,7.5,6.9,2.50432369930628,48.84999037173387
377,376,753,751,754,752,58.48767133933502,7.5,6.9,2.504321102247368,48.84997687081462
378,378,755,682,756,751,113.05516887124142,8.0,8.1,2.503956948215013,48.85036657609649
379,379,757,757,758,733,67.20136836401812,7.5,6.9,2.505003767043788,48.84991224623582
380,380,759,759,760,745,57.40862780864877,7.5,6.9,2.509149044746779,48.84978542901905
381,380,761,759,762,760,58.824038190701586,7.5,6.9,2.5091135303301444,48.84979427675181
382,382,763,759,764,757,262.54735456225336,7.5,6.9,2.5071308706149398,48.849637734614824
383,383,765,775,766,679,149.02153496710008,8.0,9.3,2.496652554539044,48.85016069799543
384,383,767,765,768,766,150.55537628319706,8.0,9.3,2.496641783320541,48.85014716251468
385,385,769,775,770,727,128.3071995170449,7.5,6.9,2.496964836619942,48.84985623436665
386,385,771,769,772,770,126.43512139448993,7.5,6.9,2.496970795068663,48.849874246306356
387,387,773,744,774,774,89.58885645075127,13.0,6.9,2.4950479366713307,48.84980768916344
388,388,775,775,776,776,55.80377433236673,11.0,5.5,2.4957531975882,48.849450925565826
389,390,777,779,778,780,43.808556475510734,7.5,6.9,2.4933649696272306,48.850367161751066
390,390,779,700,780,780,47.484148308289846,7.5,6.9,2.4932997424742114,48.85048829702319
391,391,781,781,782,759,51.449066911424815,7.5,6.9,2.5088670772970563,48.84933909663109
392,391,783,781,784,782,51.90151289914166,7.5,6.9,2.5088528116535826,48.849334541349194
393,393,785,757,786,781,261.1393684846075,7.5,6.9,2.5070662264328196,48.849412632198266
394,394,787,787,788,788,199.63383482131704,7.5,6.9,2.501968519231903,48.84938702439885
395,395,789,788,790,790,109.99709888972106,8.0,7.9,2.5005212105392225,48.849610323698926
396,396,791,791,792,787,73.20824969848883,7.5,6.9,2.5033624921421938,48.84932536764803
397,397,793,751,794,794,100.71690571524327,8.0,8.1,2.5040657111945013,48.84939123865992
398,398,795,794,796,791,51.48396550488489,7.5,6.9,2.5038032910312458,48.848971955457145
399,398,797,795,798,796,52.877609902051816,7.5,6.9,2.5037891543795134,48.84895390993185
400,400,799,799,800,781,63.76329548140258,7.5,6.9,2.509241072473867,48.84905733786341
401,400,801,799,802,800,65.4230566385119,7.5,6.9,2.5092255289095284,48.84904378394062
402,402,803,803,804,781,45.17190627659882,7.5,6.9,2.508769712356953,48.84889801818688
403,402,805,803,806,804,44.89616329189492,7.5,6.9,2.508730791838088,48.84890685182776
404,404,807,775,808,808,176.35607487581674,10.0,6.5,2.494671770953376,48.848969710207584
405,405,809,808,810,810,187.32694827438854,7.5,6.9,2.493588647419215,48.84957668502367
406,406,811,811,812,803,18.214420186619524,7.5,6.9,2.50864348506353,48.848627696478545
407,406,813,811,814,812,18.508580273709015,7.5,6.9,2.5086093340011684,48.84863654966881
408,408,815,811,816,794,325.32634308276016,7.5,6.9,2.5063488671613916,48.84875315335204
409,409,817,794,818,818,55.855133470682325,8.0,8.1,2.5042195103497757,48.848694883938634
410,410,819,819,820,820,25.537970690499225,41.0,10.2,2.491604020350779,48.84830019121965
411,411,821,821,822,822,109.31695561452013,7.5,6.9,2.4985467288808927,48.848536340802895
412,412,823,818,824,824,161.11603558443446,7.5,6.9,2.505374322925637,48.848344422573625
413,413,825,825,826,808,61.27488041469075,7.5,6.9,2.4935363396061447,48.84843879173376
414,413,827,825,828,826,64.26060897675535,7.5,6.9,2.4935655490458752,48.84844790883255
415,415,829,829,830,803,77.13850559831678,7.5,6.9,2.5088167439892812,48.84839008147624
416,415,831,829,832,830,74.87209768536314,7.5,6.9,2.508788213224946,48.84838097089497
417,417,833,833,834,811,51.3813077563864,7.5,6.9,2.50854480877528,48.84832601063521
418,417,835,833,836,834,52.12356659520348,7.5,6.9,2.5085250080537196,48.84833042602272
419,419,837,824,838,833,150.87802463546106,7.5,6.9,2.507482711283344,48.848168754671484
420,420,839,839,840,822,38.95310698334023,7.5,6.9,2.4977049338951316,48.84814609097469
421,420,841,839,842,840,40.43279785570834,7.5,6.9,2.4976855535857587,48.84817748671756
422,422,843,839,844,844,128.83229358644124,10.0,8.3,2.496842826175778,48.84852019372463
423,423,845,845,846,791,210.22707206527448,7.5,6.9,2.502197604590625,48.848515613065686
424,424,847,845,848,788,122.78865600420474,8.0,7.9,2.50081451082966,48.84858179777958
425,425,849,849,850,850,149.45342418379977,7.5,6.9,2.495420243000988,48.848019562393176
426,426,851,849,852,852,47.53056046850132,7.5,6.9,2.4943794162985635,48.84778133816944
427,426,853,851,854,852,49.74186517566535,7.5,6.9,2.494347438201044,48.84777670628997
428,428,855,855,856,845,177.61698587272267,7.5,6.9,2.499861534138934,48.847705452754404
429,429,857,822,858,855,115.93165345741028,7.5,6.9,2.498346532474382,48.84781602479768
430,430,859,859,860,860,105.70634415208288,7.5,6.9,2.4920024058315855,48.84790167419923
431,430,861,859,862,860,107.66371801729922,7.5,6.9,2.4919908234807866,48.84790162501725
432,432,863,863,864,855,24.82721664323857,7.5,6.9,2.4986018850465763,48.84733594497027
433,433,865,863,866,839,110.44468317221795,10.0,8.3,2.497958120388937,48.84767949366268
434,434,867,867,868,868,206.77423682911183,7.5,6.9,2.490113677129414,48.84707073721987
435,435,869,775,870,870,325.1710421745616,23.0,8.6,2.4941672499793532,48.84823011458456
436,436,871,871,872,819,190.06642107659016,41.0,10.2,2.49191441427361,48.84735269885172
437,437,873,870,874,874,115.8206809376581,45.0,3.0,2.491935149113415,48.84690311356669
438,438,875,824,876,876,143.3643015761388,7.5,6.9,2.5062568076233163,48.84761060407415
439,439,877,877,878,833,167.5220964155199,7.5,6.9,2.508116824744167,48.84739792593942
440,439,879,877,880,878,166.14327445958997,7.5,6.9,2.5080854420851724,48.847402293640926
441,441,881,881,882,863,57.97429040782437,10.0,8.3,2.498665625178474,48.84708439501329
442,441,883,881,884,882,58.19952211806748,10.0,8.3,2.4986302838632737,48.84707525344826
443,443,885,818,886,886,177.10873792814874,8.0,8.1,2.504257368621373,48.84765179988994
444,444,887,887,888,863,129.4202072031823,7.5,6.9,2.497605180731923,48.847043972888294
445,445,889,887,890,850,185.07040139235076,10.0,7.3,2.496564676936042,48.84761967735442
446,445,891,889,892,890,184.43362094859737,10.0,7.3,2.496525291205566,48.84760602142461
447,447,893,893,894,894,49.721787241219836,7.5,6.9,2.5015011567438146,48.84681744587068
448,447,895,893,896,894,47.82063944941789,7.5,6.9,2.5015090312832107,48.8468489558157
449,449,897,893,898,898,89.34267310113785,8.0,7.9,2.501130785840736,48.84721611124426
450,450,899,877,900,876,122.3082784708017,7.5,6.9,2.5068602317369244,48.84684415218628
451,451,901,886,902,902,36.46840802545487,8.0,8.1,2.5042678420971134,48.8466940397521
452,452,903,855,904,904,79.16465801539778,7.5,6.9,2.498956293241776,48.847040645301995
453,435,905,869,906,870,388.27356719252725,23.0,8.6,2.493314951711042,48.84759246893641
454,454,907,907,908,904,39.89204157696301,10.0,8.3,2.499326008122853,48.846570035980335
455,454,909,907,910,908,40.058183292308186,10.0,8.3,2.499307018184791,48.846560963035486
456,456,911,911,912,887,44.221469649934605,10.0,7.3,2.49690688036691,48.846613848586344
457,456,913,911,914,912,42.79789698907035,10.0,7.3,2.4968640019852,48.84660917153505
458,458,915,915,916,887,101.41818608219492,7.5,6.9,2.496195648378731,48.846606358997846
459,458,917,915,918,916,100.51445912402912,7.5,6.9,2.496179891584023,48.8466152861182
460,460,919,915,920,849,138.6823967136524,7.5,6.9,2.49501383412577,48.84706903688846
461,460,921,919,922,920,139.09821690564277,7.5,6.9,2.4949880752892066,48.847055437952704
462,462,923,876,924,924,67.67192568984765,7.5,6.9,2.505927616310155,48.846687415399046
463,463,925,924,926,902,110.67547697348083,7.5,6.9,2.5050556014290426,48.84646347124909
464,464,927,927,928,893,50.11812204264477,8.0,7.9,2.501100366192845,48.846550467873854
465,465,929,927,930,930,95.242291902133,7.5,6.9,2.5003888665079637,48.84628668818149
466,465,931,929,932,930,95.43632782078525,7.5,6.9,2.500384097440235,48.84628666826509
467,467,933,930,934,907,25.97007704267432,10.0,8.3,2.49961976229419,48.846346428157936
468,467,935,933,936,934,27.589397258071344,10.0,8.3,2.4996001774442216,48.84632835929928
469,469,937,902,938,938,171.06930062942484,8.0,8.1,2.504136265059239,48.84577166359488
470,470,939,939,940,927,15.318744414682305,8.0,7.9,2.501058327948911,48.846244514564475
471,471,941,941,942,939,96.23185028720587,7.5,6.9,2.5017354114850887,48.84618887887715
472,471,943,941,944,942,98.09287641070667,7.5,6.9,2.5017246827611297,48.84617084725177
473,473,945,945,946,877,71.61827531735297,7.5,6.9,2.507407096896898,48.84643720230551
474,473,947,945,948,946,70.81066910394438,7.5,6.9,2.5073838053035216,48.84645059660382
475,475,949,945,950,924,97.8530014485148,7.5,6.9,2.5064511955509046,48.84629386404099
476,476,951,951,952,907,56.18697282455268,7.5,6.9,2.4995029875154544,48.8461615734714
477,477,953,953,954,945,43.766778823573766,7.5,6.9,2.5072294000060644,48.845991293864095
478,478,955,955,956,951,171.69227527624216,7.5,6.9,2.4984056220237667,48.84571180079494
479,478,957,955,958,956,172.2705234496294,7.5,6.9,2.498422654194258,48.84571187220753
480,480,959,955,960,911,102.3604030181773,10.0,7.3,2.4971317817417282,48.845971760607505
481,480,961,959,962,960,104.13254256996302,10.0,7.3,2.497098441936277,48.845967123727696
482,482,963,963,964,964,17.091150877702063,8.0,7.9,2.5007770756200736,48.845519366521415
483,483,965,963,966,930,113.27244100951403,10.0,8.3,2.5002430783371885,48.84585888916642
484,483,967,965,968,966,114.40006572637603,10.0,8.3,2.5002260461242614,48.84585881801368
485,485,969,969,970,874,86.07319480914909,7.5,6.9,2.4913310857540285,48.846037172901916
486,485,971,969,972,970,89.13960033606915,7.5,6.9,2.4913043837511655,48.84605054958632
487,487,973,973,974,963,25.35327467976039,10.0,8.3,2.5008302744943767,48.8453711960972
488,487,975,973,976,974,25.659153450612457,10.0,8.3,2.5008017898529413,48.84535758702443
489,489,977,977,978,868,107.34944580970694,41.0,8.6,2.4904258927299407,48.84593888932216
490,489,979,977,980,978,108.97955747079281,41.0,8.6,2.4903845756772767,48.84598368074217
491,491,981,981,982,973,31.116941212863193,10.0,8.3,2.501063847645238,48.8451698171288
492,491,983,981,984,982,30.15726185632949,10.0,8.3,2.501026506419629,48.84515617117117
493,493,985,985,986,945,178.8367767003041,7.5,6.9,2.5063138742629696,48.8455423425224
494,493,987,985,988,986,183.3701204654148,7.5,6.9,2.5063076148954337,48.845555806895504
495,495,989,902,990,985,199.66159212429255,7.5,6.9,2.5049188109541953,48.84572993714482
496,496,991,985,992,938,113.09643446480428,7.5,6.9,2.5047463432709973,48.84495128782794
497,496,993,991,994,992,115.2480671223212,7.5,6.9,2.5047461723549422,48.84496927408348
498,498,995,995,996,951,115.45115625488852,7.5,6.9,2.4997814360039894,48.845402789158484
499,499,997,997,998,998,31.62644116638975,7.5,6.9,2.5027353855607353,48.84492495909542
500,499,999,997,1000,998,31.708720603804604,7.5,6.9,2.502715456919532,48.844942863223345
501,501,1001,997,1002,981,100.77183455060663,7.5,6.9,2.501869096418323,48.84496182594527
502,502,1003,1003,1004,995,131.62640228461004,7.5,6.9,2.499147512266109,48.844725625881885
503,502,1005,1003,1006,1004,133.07786831306055,7.5,6.9,2.4991584558641717,48.84472117496021
504,504,1007,1007,1008,981,82.28280663043822,10.0,8.3,2.501545123323518,48.84478510356597
505,504,1009,1007,1010,1008,82.59795697669138,10.0,8.3,2.501518725648642,48.84476700661044
506,506,1011,1011,1012,1003,52.47218051611902,7.5,6.9,2.4979438238555396,48.84449574327311
507,506,1013,1011,1014,1012,51.006317751874874,7.5,6.9,2.497948506117499,48.84450475641013
508,508,1015,1011,1016,955,121.03054609291456,10.0,7.3,2.4974546710195837,48.8449883311581
509,508,1017,1015,1018,1016,122.01413262245389,10.0,7.3,2.4974397262856285,48.84498377163522
510,510,1019,1019,1020,1011,90.96661216335427,7.5,6.9,2.4970180900324808,48.84433896545405
511,510,1021,1019,1022,1020,90.91293690971905,7.5,6.9,2.4970097846197796,48.8443524207712
512,512,1023,1023,1024,1024,28.446242521683224,7.5,6.9,2.5007476612327166,48.843895919757315
513,513,1025,1023,1026,995,119.23214961053002,7.5,6.9,2.5002933715204643,48.844379671406614
514,514,1027,985,1028,1028,149.4046654277448,7.5,6.9,2.505702653926338,48.84425824773916
515,515,1029,1029,1030,997,128.78877737087984,7.5,6.9,2.502709587014185,48.84427282412678
516,516,1031,1029,1032,1007,113.84137427517618,10.0,8.3,2.50239574852661,48.84410513972464
517,516,1033,1031,1034,1032,112.68770064799251,10.0,8.3,2.5023686266969687,48.84409153667796
518,518,1035,1035,1036,985,200.82738075483442,7.5,6.9,2.5046408559011115,48.844222378835916
519,518,1037,1035,1038,1036,200.35865985116413,7.5,6.9,2.504632595217128,48.844231338106844
520,520,1039,938,1040,1035,163.96650611215154,8.0,8.1,2.5038507108824075,48.84427756201792
521,521,1041,1041,1042,1035,42.009199663274444,7.5,6.9,2.5035825536230485,48.84339059103692
522,521,1043,1041,1044,1042,41.04880220294602,7.5,6.9,2.5035681187453536,48.843404021376266
523,523,1045,1041,1046,1029,61.61889096134174,10.0,8.3,2.5031387938779357,48.84348767722295
524,523,1047,1045,1048,1046,62.86918295497192,10.0,8.3,2.5031218481750552,48.843478613349795
525,525,1049,1049,1050,1041,91.06012038238946,7.5,6.9,2.5029930003422516,48.842915984649665
526,525,1051,1049,1052,1050,94.33714924589997,7.5,6.9,2.502966174280082,48.84294285369423
527,527,1053,1024,1054,1049,187.05561181723854,7.5,6.9,2.501740873137472,48.84326601919232
528,528,1055,1055,1056,1049,104.39470954134134,7.5,6.9,2.501971383525893,48.84238561622098
529,528,1057,1055,1058,1056,101.8999700668123,7.5,6.9,2.5019323378052243,48.84240793741427
530,530,1059,1055,1060,1023,194.85890381547222,7.5,6.9,2.5009378258276853,48.8430333374675
531,531,1061,1061,1062,1062,58.06061596242345,7.5,6.9,2.4983100069063675,48.842055544681244
532,533,1063,1065,1064,1066,40.95907680945113,10.0,7.3,2.498832235568209,48.84194531475554
533,533,1065,1062,1066,1066,49.458948094546784,10.0,7.3,2.498779574725736,48.84189562982263
534,534,1067,1067,1068,1055,132.95556801035423,7.5,6.9,2.500519324069398,48.84191639680198
535,534,1069,1067,1070,1068,132.03304559723372,7.5,6.9,2.5005165129329576,48.84192537856697
536,536,1071,1003,1072,1067,338.7321945109499,7.5,6.9,2.498995481265132,48.84310615985692
537,537,1073,1073,1074,1067,69.61606644177522,7.5,6.9,2.499274840398111,48.84154246028145
538,537,1075,1073,1076,1074,63.99163004133018,7.5,6.9,2.499297018675275,48.84157403039537
539,540,1077,1079,1078,1080,31.158298844880708,10.0,7.3,2.4988992981298854,48.84163082284934
540,540,1079,1066,1080,1073,24.271369177068344,10.0,7.3,2.4988392304552716,48.84157211339828
541,541,1081,1081,1082,1073,40.46020098507,7.5,6.9,2.4986808816239803,48.84131963156095
542,541,1083,1081,1084,1082,49.30340602331418,7.5,6.9,2.4986254425203076,48.84134637976182
543,543,1085,1085,1086,1081,23.40128052538897,7.5,6.9,2.4985134621027862,48.841089595206
544,543,1087,1085,1088,1086,26.78302067712754,7.5,6.9,2.498437846003153,48.84108927818919
545,545,1089,125,1090,93,25.17721882139167,7.5,6.9,2.4910613670441637,48.860749263880166
546,545,1091,1089,1092,1090,26.67655496000119,7.5,6.9,2.491040285004806,48.860744677540396
547,547,1093,1093,1094,109,110.36590900462777,7.5,6.9,2.4877053304382817,48.86070796443055
548,547,1095,1093,1096,1094,108.87476810431751,7.5,6.9,2.4877030207074182,48.86073493463532
549,549,1097,460,1098,1098,89.26860639775452,7.5,6.9,2.49144282869677,48.85986054230096
550,549,1099,1097,1100,1098,88.1185070375128,7.5,6.9,2.4913985769619726,48.859855857555324
551,551,1101,187,1102,451,65.37705090877517,7.5,6.9,2.495322526088535,48.85810976888748
552,551,1103,1101,1104,1102,67.19948055861589,7.5,6.9,2.4953034890901833,48.85810519190969
553,553,1105,273,1106,187,51.269491848577495,7.5,6.9,2.495627876490799,48.85761192356486
554,553,1107,1105,1108,1106,53.42329924202929,7.5,6.9,2.495615610536245,48.85761187186377
555,555,1109,290,1110,279,100.62109834417562,7.5,6.9,2.5038212629989807,48.857245971682765
556,555,1111,1109,1112,1110,95.71519954233179,7.5,6.9,2.5038171743751625,48.85724595472251
557,557,1113,1113,1114,279,83.75165630764755,7.5,6.9,2.5050271942941067,48.85727344932869
558,557,1115,1113,1116,1114,81.1027536012829,7.5,6.9,2.504997977892359,48.85726433509273
559,559,1117,488,1118,290,119.62173289997843,7.5,6.9,2.5025351653126187,48.85683592976285
560,559,1119,1117,1120,1118,117.93639398115582,7.5,6.9,2.5025051393626954,48.85684030162309
561,561,1121,494,1122,488,28.474802340443055,7.5,6.9,2.5017001066794333,48.85643674624877
562,561,1123,1121,1124,1122,30.817109250444368,7.5,6.9,2.5016979763912057,48.85644573076725
563,563,1125,506,1126,494,26.417990662061122,7.5,6.9,2.501378444243387,48.856296008797486
564,563,1127,1125,1128,1126,28.598357507294114,7.5,6.9,2.501375037116327,48.856295994600245
565,565,1129,336,1130,506,35.798409471829615,7.5,6.9,2.5010002254093853,48.856155034629246
566,565,1131,1129,1132,1130,38.65180335285612,7.5,6.9,2.500994135660577,48.85615051253831
567,567,1133,1133,1134,339,73.73202284476152,7.5,6.9,2.498011881868657,48.85617401257516
568,568,1135,1135,1136,339,19.5837361908254,8.5,6.9,2.4974398149139003,48.85599624011868
569,568,1137,1135,1138,1136,15.813093680816596,8.5,6.9,2.4973974800671748,48.85600505570683
570,570,1139,482,1140,336,66.16037157111866,7.5,6.9,2.5003812250215347,48.85589614003137
571,570,1141,1139,1142,1140,68.97294139855704,7.5,6.9,2.500384416538549,48.85591863684515
572,572,1143,334,1144,482,101.07567088477809,7.5,6.9,2.499642787359047,48.856153862952745
573,573,1145,522,1146,1135,45.06305025020354,8.5,6.9,2.4970802676204347,48.855828351692644
574,573,1147,1145,1148,1146,45.48633568700351,8.5,6.9,2.4970610576867984,48.85584176105021
575,575,1149,371,1150,515,18.036648989692594,7.5,6.9,2.5070801272513514,48.85485820507689
576,575,1151,1149,1152,1150,18.960963693368598,7.5,6.9,2.5070645399761737,48.85484914746782
577,577,1153,1153,1154,371,79.00885868147941,7.5,6.9,2.507533681959537,48.854527316796236
578,577,1155,1153,1156,1154,80.87592262286306,7.5,6.9,2.507514006293854,48.85451824241492
579,579,1157,560,1158,1153,71.74179604051027,7.5,6.9,2.508101826362338,48.85396756603782
580,579,1159,1157,1160,1158,70.81480404781752,7.5,6.9,2.508097822890174,48.85395855617767
581,581,1161,403,1162,560,36.5739424804941,7.5,6.9,2.508503705497853,48.85355102408172
582,581,1163,1161,1164,1162,38.191750502275156,7.5,6.9,2.508478578914996,48.853541927462295
583,583,1165,577,1166,403,91.25562999336813,7.5,6.9,2.509185715644598,48.85319858393812
584,583,1167,1165,1168,1166,92.20888511392891,7.5,6.9,2.509171448916352,48.853194028711
585,585,1169,1169,1170,577,131.15030103815997,7.5,6.9,2.510523621419017,48.85273191040211
586,585,1171,1169,1172,1170,130.72156434727967,7.5,6.9,2.5104959383305316,48.85270481690612
587,587,1173,1169,1174,422,45.703624521187805,30.0,8.6,2.5115967650951294,48.852448506284155
588,587,1175,1173,1176,1174,43.408593690116426,30.0,8.6,2.511625642807086,48.85249359122536
589,589,1177,515,1178,1113,274.52469552781423,7.5,6.9,2.5062912247383227,48.85606006709319
590,589,1179,1177,1180,1178,275.1585262643352,7.5,6.9,2.506255194584527,48.856050925045274
591,410,1181,819,1182,820,45.976525521714485,41.0,10.2,2.491224145856101,48.84784890318121
592,592,1183,356,1184,350,105.86422843146877,7.5,6.9,2.510396455874754,48.85553283480339
593,592,1185,1183,1186,1184,106.85892730568567,7.5,6.9,2.5103983311078357,48.85555082925458
594,211,1187,421,1188,422,33.542336574607496,14.0,7.3,2.512167084130572,48.852522780174304
595,595,1189,669,1190,656,34.77296315532517,25.0,8.6,2.5063761142137397,48.851343375104605
596,595,1191,1189,1192,1190,34.964579388586344,25.0,8.6,2.506354991846479,48.85141523537749
597,685,1193,1369,1194,1370,151.37625840581325,30.0,8.6,2.5013553549339584,48.85030629829625
598,598,1195,722,1196,790,36.03124848711853,28.0,8.6,2.5005588258147866,48.85023552509619
599,599,1197,1197,1198,687,65.30086317332683,7.5,6.9,2.510642527493456,48.85066390977964
600,599,1199,1197,1200,1198,68.07639416366301,7.5,6.9,2.5106145920666605,48.85066379552279
601,601,1201,1201,1202,1202,79.43985367244224,7.5,6.9,2.5094552041614016,48.85171577540293
602,602,1203,1203,1204,416,130.3405066387662,7.5,6.9,2.513435381317122,48.852208678059924
603,603,1205,380,1206,351,74.8717267776684,7.5,6.9,2.5133452822135767,48.855216605094164
604,604,1207,410,1208,378,93.11659782199973,7.5,6.9,2.5140871717764637,48.85436075091841
605,605,1209,1209,1210,1,54.42208913473635,7.5,6.9,2.49992533926789,48.864132155035314
606,606,1211,376,1212,1212,65.2086127327517,7.5,6.9,2.511959697056943,48.85502210065818
607,606,1213,1211,1214,1212,63.679906381485615,7.5,6.9,2.5119468766405784,48.85500855827826
608,608,1215,618,1216,555,139.6356977521405,8.0,9.3,2.501346521939329,48.85308073381815
609,609,1217,1217,1218,422,149.39623142726688,7.5,6.9,2.512606168135843,48.851984964578406
610,609,1219,1217,1220,1218,150.14354267552895,7.5,6.9,2.5125747830856633,48.851989333429856
611,611,1221,1113,1222,221,123.07899738317522,7.5,6.9,2.5052553805116307,48.857715068369124
612,611,1223,1221,1224,1222,128.38564347453448,7.5,6.9,2.505232636685994,48.85774195446037
613,613,1225,90,1226,1226,12.150750429589907,7.5,6.9,2.4851342482079155,48.86116458542372
614,613,1227,1225,1228,1226,14.823486646246046,7.5,6.9,2.485107344201577,48.8611284962195
615,615,1229,1098,1230,125,45.21711830475773,7.5,6.9,2.4912033755670153,48.86044409335985
616,615,1231,1229,1232,1230,45.83808058865715,7.5,6.9,2.491175478848547,48.860439478067995
617,617,1233,1233,1234,445,50.762136857826036,17.0,8.2,2.4908610234165858,48.859003698021105
618,618,1235,1235,1236,1233,111.109455841178,17.0,8.2,2.491227552361965,48.858317263334
619,619,1237,1237,1238,1235,27.549442722495833,17.0,8.2,2.491542679425083,48.857729536122164
620,621,1239,1241,1240,1242,23.05912484228211,7.5,6.9,2.4917988615376534,48.85787451853199
621,621,1241,463,1242,1235,29.072150711308286,7.5,6.9,2.4916485487405513,48.857914350322474
622,622,1243,646,1244,1244,62.030146091705326,7.5,6.9,2.491374920965507,48.85257560078353
623,622,1245,1243,1246,1244,65.00724920559318,7.5,6.9,2.4913680633175534,48.852580068343926
624,323,1247,645,1248,646,72.64576701468272,7.5,6.9,2.491849566686678,48.85218640335882
625,624,1249,1247,1250,1248,75.86516556644966,5.0,10.0,2.491847654127999,48.85217290509104
626,626,1251,717,1252,622,215.50939250898165,11.0,5.5,2.4949468669750243,48.85123721959438
627,627,1253,1253,1254,641,35.06099110584501,7.5,6.9,2.493352240277414,48.851536255009144
628,627,1255,1253,1256,1254,37.01073244380391,7.5,6.9,2.493329755316044,48.851536159795856
629,629,1257,776,1258,717,68.79987033051327,11.0,5.5,2.495551706225068,48.849994179818424
630,630,1259,774,1260,776,22.806073666963083,7.5,6.9,2.49559215472674,48.849616625581845
631,631,1261,775,1262,790,344.1876419417473,25.0,8.6,2.498112248548539,48.849645210945006
632,631,1263,1261,1264,1262,120.21624576432286,25.0,8.6,2.496592616295068,48.849382512856785
633,631,1265,1261,1266,1262,228.70327851139547,25.0,8.6,2.4988702112412033,48.84982825654823
634,634,1267,881,1268,911,146.69319395644416,7.5,6.9,2.4979143038353295,48.846640564472324
635,635,1269,1269,1270,867,105.35353417662758,10.0,6.5,2.4885954211783345,48.847720780660524
636,635,1271,1269,1272,1270,105.92220804036047,10.0,6.5,2.4885720359215266,48.84774316437351
637,637,1273,860,1274,808,126.16245653806301,10.0,6.5,2.492629262008919,48.848529379985585
638,637,1275,1273,1276,1274,133.16537171185536,10.0,6.5,2.4926603839764265,48.84855199561958
639,639,1277,820,1278,1278,133.58982100706072,41.0,10.2,2.491383921035855,48.84900074550959
640,701,1279,1401,1280,1402,77.06897050970028,41.0,10.2,2.490550896980907,48.84959976296003
641,641,1281,1281,1282,791,85.70573490137629,7.5,6.9,2.5035416808887083,48.84861113213876
642,641,1283,1281,1284,1282,86.6008537198536,7.5,6.9,2.5035280115539744,48.84861557214177
643,643,1285,788,1286,821,115.81675108466774,7.5,6.9,2.499914815335034,48.848969256001055
644,644,1287,898,1288,845,47.6814145834719,8.0,7.9,2.5010179654025375,48.847827196217175
645,645,1289,886,1290,1290,50.763667085187286,7.5,6.9,2.503881876807567,48.84687230920438
646,645,1291,1289,1292,1290,49.459074448770515,7.5,6.9,2.503872552616595,48.84684978687441
647,647,1293,1293,1294,1290,66.73761696993105,7.5,6.9,2.503082623816226,48.846877985692906
648,647,1295,1293,1296,1294,66.81513153054793,7.5,6.9,2.5030818138860558,48.84689147252751
649,649,1297,964,1298,939,65.03217867673847,8.0,7.9,2.5009502127146233,48.84586633769999
650,650,1299,964,1300,1300,69.18890506162654,7.5,6.9,2.501313110059355,48.84560704017827
651,650,1301,1299,1302,1300,69.26836915967624,7.5,6.9,2.501327883206571,48.84562958544978
652,652,1303,751,1304,787,56.364918631411356,7.5,6.9,2.5036249104718675,48.84974465182825
653,653,1305,775,1306,850,93.5122303976724,10.0,7.3,2.496038763529087,48.84880909685345
654,654,1307,850,1308,844,59.008795778085464,7.5,6.9,2.496245103419485,48.84867956073148
655,655,1309,844,1310,775,38.32977498389362,10.0,8.3,2.4960594500642768,48.849065497479536
656,656,1311,625,1312,639,15.828627403573337,7.5,6.9,2.499080418319619,48.85213145594506
657,657,1313,599,1314,639,26.80315037770089,7.5,6.9,2.499230645483699,48.85224000587232
658,658,1315,384,1316,420,214.96359477249572,7.0,5.5,2.5115511690701724,48.85346007868169
659,659,1317,424,1318,395,212.57364792463355,7.5,6.9,2.5107495547700336,48.853416333577
660,660,1319,300,1320,1113,99.74838230565018,7.5,6.9,2.5062313814866797,48.85712553675299
661,660,1321,1319,1322,1320,101.12585789678376,7.5,6.9,2.506219200861466,48.857116493113026
662,662,1323,300,1324,1324,43.18111639721592,7.5,6.9,2.506925382633711,48.85724081555027
663,662,1325,1323,1326,1324,44.07011931493914,7.5,6.9,2.506905663493657,48.8572362376061
664,664,1327,10,1328,1328,131.4415579696382,7.5,6.9,2.501382918633484,48.864088773089755
665,665,1329,1329,1330,1330,92.28532034062405,7.5,6.9,2.4824156045568144,48.86137769244008
666,666,1331,1331,1332,1332,37.21086313699732,7.5,6.9,2.4834846782958886,48.861126000426665
667,210,1333,419,1334,420,63.03202609328173,14.0,7.3,2.5128010758726163,48.85263778099138
668,668,1335,697,1336,682,56.625135081976076,26.0,8.6,2.5035184355384357,48.850764965284455
669,668,1337,1335,1338,1336,61.37043730158158,26.0,8.6,2.5035177929169383,48.85083241337433
670,670,1339,1339,1340,723,74.53351569541644,7.5,6.9,2.5101297774854174,48.85019415311085
671,670,1341,1339,1342,1340,70.87711767914938,7.5,6.9,2.5100997982718907,48.85019403035908
672,672,1343,1343,1344,997,23.127560674403508,7.5,6.9,2.5024302278347386,48.844775297848216
673,672,1345,1343,1346,1344,24.08598237631233,7.5,6.9,2.502416473549676,48.84478873086673
674,674,1347,894,1348,1293,58.44092576059245,7.5,6.9,2.502230314981815,48.84687444262379
675,674,1349,1347,1350,1348,58.41524672836949,7.5,6.9,2.5022288235317482,48.84688792661797
676,676,1351,13,1352,60,171.481329321197,7.5,6.9,2.50120942724347,48.861992602794814
677,677,1353,624,1354,1354,134.0940035293789,11.0,5.5,2.4938534092217615,48.853184173357235
678,678,1355,1355,1356,1329,31.148059791496266,7.5,6.9,2.48300205554595,48.86141170407876
679,679,1357,1357,1358,1331,74.81558713766785,7.5,6.9,2.483108985099664,48.86155605974308
680,680,1359,1359,1360,1360,180.91997683909617,7.5,6.9,2.4872903656638474,48.85245924083876
681,680,1361,1359,1362,1360,175.66418640653623,7.5,6.9,2.48725269546011,48.852409615523676
682,682,1363,1363,1364,1359,22.404259163456828,7.5,6.9,2.4886741043914626,48.85247865203398
683,682,1365,1363,1366,1364,39.25532464420243,7.5,6.9,2.488714815352777,48.85235741468543
684,685,1367,1369,1368,1370,63.51646708613965,30.0,8.6,2.5027354856225017,48.850626812353
685,685,1369,697,1370,722,178.7716592056785,30.0,8.6,2.5019458918444344,48.850542587402174
686,688,1371,1375,1372,1376,168.2489748498035,32.0,8.6,2.505033542835591,48.85108151615393
687,687,1373,1373,1374,682,59.89899898547334,27.0,8.6,2.5042674470830857,48.850961429751315
688,688,1375,673,1376,1373,43.27189693591505,32.0,8.6,2.5049164755490585,48.85113948894235
689,689,1377,669,1378,673,43.39710971016688,27.0,8.6,2.5055291843343874,48.851267930630065
690,688,1379,1375,1380,1376,24.88428764081425,32.0,8.6,2.5059812234742735,48.85131026830967
691,692,1381,1383,1382,1384,141.1285322870177,26.0,8.6,2.5075162486963993,48.85161337952977
692,692,1383,632,1384,656,123.81701488846903,26.0,8.6,2.5074579077192714,48.85165810646476
693,693,1385,632,1386,1201,38.71811517355693,31.0,8.6,2.5087040878752838,48.85181162124958
694,826,1387,1651,1388,1652,232.01767760248703,24.0,8.6,2.5097715115409933,48.85213526611601
695,695,1389,334,1390,1133,66.4412478481199,7.5,6.9,2.4988878581421297,48.85642500242565
696,204,1391,407,1392,408,53.468852649416725,14.0,7.3,2.5154361890058765,48.85321056949377
697,697,1393,1393,1394,1081,83.25224514240143,7.5,6.9,2.4980084054327607,48.84090310978185
698,697,1395,1393,1396,1394,85.25242631369177,7.5,6.9,2.4979755334474936,48.84092095886817
699,437,1397,873,1398,874,124.68299426512829,45.0,3.0,2.491924049180114,48.846853602311576
700,702,1399,1403,1400,1404,143.27857334881273,41.0,10.2,2.490213716531799,48.85056512247055
701,701,1401,1278,1402,1402,104.55836851656731,41.0,10.2,2.491011946089727,48.85004240425853
702,702,1403,1402,1404,671,106.03238691108317,41.0,10.2,2.490678617506661,48.85096281393988
703,410,1405,819,1406,820,39.536878700202266,41.0,10.2,2.4910821944214683,48.84822152825497
704,639,1407,1277,1408,1278,99.86463199586436,41.0,10.2,2.4908405271663336,48.8488275586272
705,705,1409,523,1410,1410,342.23290228691974,17.0,8.2,2.4926903153361506,48.85548605759584
706,706,1411,1410,1412,1412,27.419901743521987,17.0,8.2,2.491865447003241,48.85705640296092
707,738,1413,1475,1414,1476,70.61230986087344,7.5,6.9,2.4909723616776716,48.85283919504185
708,838,1415,1675,1416,1676,24.81178823055357,7.5,6.9,2.4930293107635118,48.85370230298992
709,739,1417,1477,1418,1478,132.11658384419817,7.5,6.9,2.492107994357187,48.8533566460041
710,710,1419,1419,1420,12,87.73181572632943,41.0,10.2,2.4829444640822644,48.86302576267532
711,6,1421,11,1422,12,260.25012636591964,41.0,10.2,2.482296371016109,48.86452934569193
712,835,1423,1669,1424,1670,44.35304999454073,14.0,7.3,2.5142551374470203,48.85293597854382
713,208,1425,415,1426,416,57.17455835722657,14.0,7.3,2.513584983715049,48.85282533522221
714,714,1427,278,1428,303,45.915806346502094,7.5,6.9,2.507898217171235,48.85712790620982
715,715,1429,1093,1430,89,116.67647891137008,7.5,6.9,2.4862041470828706,48.860827435867115
716,715,1431,1429,1432,1430,119.31056652567548,7.5,6.9,2.4861718349854267,48.860786826999586
717,719,1433,1437,1434,1438,46.615587709326896,7.5,6.9,2.489534049960105,48.86096309623156
718,719,1435,1437,1436,1438,32.96417258770433,7.5,6.9,2.4890149144761806,48.86087544378994
719,719,1437,75,1438,108,79.89105464753166,7.5,6.9,2.4893193820051773,48.860962180401316
720,720,1439,1412,1440,1237,51.049454648617235,17.0,8.2,2.4917054271451766,48.85739297547877
721,619,1441,1237,1442,1238,40.07620641220018,17.0,8.2,2.491398631537185,48.85775590413414
722,617,1443,1233,1444,1234,30.46631671232892,17.0,8.2,2.4907848528504486,48.858778539497024
723,618,1445,1235,1446,1236,87.15424901308774,17.0,8.2,2.4910724889546625,48.85828512716174
724,724,1447,904,1448,881,26.248196055750736,10.0,8.3,2.499020031223733,48.84678909513614
725,724,1449,1447,1450,1448,26.732072156491526,10.0,8.3,2.4989854145759836,48.8467754599722
726,726,1451,555,1452,1452,116.96255017978395,8.0,9.3,2.500561876819436,48.85411170382727
727,727,1453,1452,1454,501,101.44574748195387,7.5,6.9,2.500887099327632,48.85466165877172
728,727,1455,1453,1456,1454,101.42129231906594,7.5,6.9,2.500885693446591,48.85466614960918
729,729,1457,336,1458,1452,172.49074208373042,7.5,6.9,2.5004929147023245,48.8553345188012
730,730,1459,1452,1460,481,183.44393174059647,7.5,6.9,2.499007594791197,48.85481568573637
731,731,1461,1452,1462,573,185.88656249071613,7.5,6.9,2.49984956090495,48.85378046890891
732,436,1463,871,1464,872,180.85656940961516,41.0,10.2,2.4915153126876053,48.84684736886322
733,733,1465,1465,1466,871,188.81978590463692,41.0,10.2,2.4925620551448953,48.84570514462882
734,734,1467,1467,1468,1465,129.63872609934964,41.0,10.2,2.4930279890160936,48.84431312942302
735,807,1469,1613,1470,1614,327.88997611112495,41.0,10.2,2.4852236982508042,48.86011274605671
736,808,1471,1615,1472,1616,99.23856730722227,41.0,10.2,2.4834924110163112,48.86165214547806
737,737,1473,1473,1474,700,46.08995894232885,7.5,6.9,2.4933154719431383,48.85076266363029
738,738,1475,1475,1476,653,128.93699173232582,7.5,6.9,2.491272544426136,48.853011346792236
739,739,1477,1477,1478,1475,60.638736025467026,7.5,6.9,2.492301931321156,48.853523847276115
740,836,1479,1671,1480,1672,43.65671940803811,14.0,7.3,2.514810486667891,48.853082126257924
741,741,1481,522,1482,1482,89.92971380480185,7.5,6.9,2.4965756292125176,48.85607804477242
742,741,1483,1481,1484,1482,90.76886152234661,7.5,6.9,2.4965457335422054,48.85606892560066
743,743,1485,521,1486,1482,259.7096376932397,7.5,6.9,2.4954400096412797,48.85540774995564
744,744,1487,1482,1488,273,112.33750539009036,7.5,6.9,2.4960441644476097,48.856916689903244
745,744,1489,1487,1490,1488,113.59302762036995,7.5,6.9,2.496016907127406,48.856916575103504
746,746,1491,699,1492,1253,44.40494396121916,7.5,6.9,2.493271118217653,48.85118966416796
747,746,1493,1491,1494,1492,43.6713258110118,7.5,6.9,2.4932862392707213,48.8511762380474
748,748,1495,1495,1496,1357,56.64727343185275,7.5,6.9,2.4828485274904804,48.862117019481026
749,749,1497,12,1498,1495,178.4734956944497,7.5,6.9,2.4825791969555917,48.863159084098
750,750,1499,293,1500,1500,75.67717237238959,8.5,6.9,2.5000924282818144,48.85730239928763
751,750,1501,1499,1502,1500,75.23064469594665,8.5,6.9,2.500077988650211,48.85731582904043
752,752,1503,1500,1504,231,138.38366163765454,8.5,6.9,2.501241870443298,48.85789176541144
753,752,1505,1503,1506,1504,138.54792400140968,8.5,6.9,2.5012308812185373,48.85790071298701
754,754,1507,1500,1508,1508,53.41917590362473,7.5,6.9,2.500244466733681,48.857721226586186
755,754,1509,1507,1510,1508,53.26917458944444,7.5,6.9,2.5002254294412833,48.85771665039091
756,756,1511,1511,1512,1135,122.78534599626626,7.5,6.9,2.497628656168769,48.856482676270026
757,757,1513,329,1514,1511,62.683354371174254,7.5,6.9,2.4982634414220968,48.856800108299105
758,758,1515,1511,1516,1516,27.099765210405167,7.5,6.9,2.4981083318716566,48.85705576939945
759,758,1517,1515,1518,1516,27.87429609690993,7.5,6.9,2.4980966608501913,48.85706471383587
760,760,1519,867,1520,860,192.935081122773,10.0,6.5,2.4905479522707497,48.84808884958272
761,760,1521,1519,1522,1520,194.46086767536818,10.0,6.5,2.490543051176609,48.848102318916624
762,734,1523,1467,1524,1468,59.317640065375976,41.0,10.2,2.492582519614787,48.843533303413
763,733,1525,1465,1526,1466,164.2863314934177,41.0,10.2,2.491969611685585,48.84532490399341
764,734,1527,1467,1528,1468,92.4739454111325,41.0,10.2,2.4923471347929067,48.84419782360019
765,765,1529,1529,1530,1530,147.9838704921295,7.5,6.9,2.4885495798621995,48.85780671480152
766,766,1531,1530,1532,1233,186.35344218421088,7.5,6.9,2.4894808319132355,48.85867405652798
767,767,1533,1529,1534,1534,170.2848698889435,41.0,10.2,2.4882712416497164,48.85783700174321
768,806,1535,1611,1536,1612,73.49321135550987,41.0,10.2,2.4880574047186146,48.856365667277245
769,767,1537,1533,1538,1534,76.8450055169144,41.0,10.2,2.4878369399393856,48.8570257385838
770,767,1539,1533,1540,1534,135.49888785649463,41.0,10.2,2.4873748944006757,48.857927595912194
771,807,1541,1613,1542,1614,60.13988509769281,41.0,10.2,2.4868218545300635,48.858725636870396
772,772,1543,426,1544,1544,19.173858527083144,17.0,8.2,2.490103511607036,48.860574312619484
773,772,1545,1543,1546,1544,32.31436462419482,17.0,8.2,2.489999134297832,48.86065480811952
774,774,1547,1544,1548,75,46.688486656268466,17.0,8.2,2.4899494937089046,48.8608524505379
775,774,1549,1547,1550,1548,31.470089221572533,17.0,8.2,2.4898778709004974,48.86092858883962
776,776,1551,1551,1552,1552,173.5837165974563,7.5,6.9,2.487260694480694,48.86039129250742
777,777,1553,1552,1554,1554,35.45353146633787,7.5,6.9,2.4858509704338685,48.86049766107883
778,778,1555,1555,1556,1402,65.12265579083467,7.5,6.9,2.4902886887997746,48.85021469757413
779,779,1557,1557,1558,1558,117.05360288116499,41.0,10.2,2.4937450508599897,48.83880763786539
780,780,1559,1558,1560,1467,491.91978166474587,41.0,10.2,2.4933398619978604,48.8415264625617
781,781,1561,616,1562,1562,65.08171226547714,7.5,6.9,2.4895725424928825,48.85181697398612
782,782,1563,1610,1564,1564,66.63159341501022,7.5,6.9,2.48822567875556,48.85574584231869
783,783,1565,188,1566,1566,174.61687143516494,7.5,6.9,2.4983266556492456,48.859718724308
784,784,1567,1566,1568,85,17.23433372873087,7.5,6.9,2.497250872561435,48.86018186447861
785,785,1569,1569,1570,440,84.61908488011653,7.5,6.9,2.4858487009252963,48.86031328730542
786,786,1571,1332,1572,1569,136.75359499196668,7.5,6.9,2.484475654498321,48.860707585292786
787,776,1573,1551,1574,1552,98.75592919302572,7.5,6.9,2.4870789262421105,48.860233129476654
788,705,1575,1409,1576,1410,286.13644273694655,17.0,8.2,2.4924143473038267,48.855624285225524
789,789,1577,440,1578,1578,65.56936560376809,7.5,6.9,2.4893939473203717,48.86009913549133
790,790,1579,1578,1580,1551,42.14892792404044,7.5,6.9,2.488716115748324,48.8602806054861
791,791,1581,1581,1582,1419,85.22758045891943,41.0,10.2,2.483227969707372,48.86227154558187
792,792,1583,1226,1584,1584,139.55215721000303,7.5,6.9,2.4842496571285264,48.86150702096232
793,792,1585,1583,1586,1584,135.79558346260444,7.5,6.9,2.484239701819946,48.861479997967216
794,794,1587,1554,1588,1419,298.8868545670099,7.5,6.9,2.484343539763242,48.8615928622265
795,297,1589,593,1590,594,93.99633175098877,5.0,10.0,2.4899848049519084,48.85251122635239
796,796,1591,700,1592,744,97.9321557865706,13.0,6.9,2.494073745443407,48.850352173996036
797,797,1593,1278,1594,1594,74.45034837517046,7.5,6.9,2.4911419053548425,48.84992154550873
798,798,1595,1594,1596,1473,163.35659009222877,7.5,6.9,2.4920826145172756,48.850577567675664
799,779,1597,1557,1598,1558,59.34724854507751,41.0,10.2,2.493475443799675,48.83907180593248
800,780,1599,1559,1600,1560,441.65782189532956,41.0,10.2,2.4930150579712675,48.8413002489006
801,779,1601,1557,1602,1558,39.40474881865812,41.0,10.2,2.4936997870334774,48.838488175741446
802,779,1603,1557,1604,1558,17.72217770473368,41.0,10.2,2.4936251343612863,48.838739678849215
803,803,1605,653,1606,1363,130.79684669833048,7.5,6.9,2.4897089570247277,48.852568507608126
804,805,1607,1609,1608,1610,555.8416649412669,41.0,10.2,2.489080634246566,48.853618054995906
805,805,1609,672,1610,1610,419.3264259614787,41.0,10.2,2.4896573408004867,48.85429052654906
806,806,1611,1610,1612,1529,116.07813463323482,41.0,10.2,2.4889929051084287,48.85665745458754
807,807,1613,1534,1614,1614,415.73315546916626,41.0,10.2,2.4858329337405665,48.859908517640655
808,808,1615,1614,1616,1581,78.02450539507315,41.0,10.2,2.483676178545573,48.86160797167741
809,791,1617,1581,1618,1582,45.970932804115684,41.0,10.2,2.4830586325452124,48.86223484085998
810,710,1619,1419,1620,1420,174.30431817504544,41.0,10.2,2.482668162758403,48.863190945447
811,811,1621,1330,1622,1584,123.62658040577702,7.5,6.9,2.4826195954629298,48.86163038870278
812,811,1623,1621,1624,1622,123.0940446277148,7.5,6.9,2.482609920578633,48.86164383691369
813,813,1625,60,1626,137,163.53846140181577,7.5,6.9,2.502664084428536,48.8608924751175
814,814,1627,167,1628,137,169.0760214011015,7.5,6.9,2.5034125944217123,48.85972644676639
815,815,1629,70,1630,156,268.9700553648527,8.5,6.9,2.5069483665161925,48.860501005717616
816,816,1631,60,1632,45,125.24334494028511,7.5,6.9,2.501019584917943,48.86160509769055
817,816,1633,1631,1634,1632,130.02738135402646,7.5,6.9,2.501011113104743,48.86156459229501
818,818,1635,27,1636,24,235.4472961695562,7.5,6.9,2.494477400807957,48.86254442681441
819,818,1637,1635,1638,1636,236.801182419401,7.5,6.9,2.4944704548419474,48.8625578874952
820,820,1639,76,1640,29,158.78787265111282,7.5,6.9,2.4916543209833075,48.86172306680246
821,820,1641,1639,1642,1640,165.9998577940991,7.5,6.9,2.4916716888663735,48.86175911400145
822,822,1643,1643,1644,1041,30.352196405062504,10.0,8.3,2.5035411377215864,48.8431610850628
823,822,1645,1643,1646,1644,30.635108636397156,10.0,8.3,2.503507841971134,48.8431519533864
824,824,1647,1647,1648,666,42.529544517758694,7.5,6.9,2.510527139059544,48.8514143889199
825,825,1649,1202,1650,1647,24.533522444503703,7.5,6.9,2.510104958380442,48.85152957559553
826,826,1651,1201,1652,1169,181.52405346555398,24.0,8.6,2.510123141439917,48.85213220941349
827,827,1653,52,1654,17,154.1257648904969,7.5,6.9,2.5053721105363973,48.86214478016372
828,828,1655,100,1656,43,95.71392367069859,7.5,6.9,2.5046105620150536,48.86131424246922
829,828,1657,1655,1658,1656,96.07850971575509,7.5,6.9,2.5045964644908283,48.86129170074143
830,830,1659,1659,1660,671,94.4721744778158,7.5,6.9,2.4911117240268776,48.851616681223476
831,831,1661,1661,1662,1363,164.1136113022973,7.5,6.9,2.488779845500389,48.85323005488508
832,832,1663,1564,1664,1661,167.99818553806372,7.5,6.9,2.488512530617123,48.85470832992572
833,833,1665,1049,1666,1666,41.48981221350221,7.5,6.9,2.5028155524866826,48.84266342936039
834,834,1667,1666,1668,1668,24.59963650263655,7.5,6.9,2.5032369827298497,48.842764108581044
835,835,1669,1669,1670,414,67.88559448598748,14.0,7.3,2.513987280837302,48.853015831557585
836,836,1671,408,1672,1669,47.576649202709746,14.0,7.3,2.5147423178057497,48.853158293783075
837,435,1673,869,1674,870,69.06031632382329,23.0,8.6,2.4956290818699496,48.848969252744524
838,838,1675,1675,1676,1477,36.62708954564377,7.5,6.9,2.492844635020853,48.85377346773321
839,705,1677,1409,1678,1410,42.60054159057946,17.0,8.2,2.493059799795386,48.854210560139265
840,220,1679,439,1680,440,26.33316970990628,7.5,6.9,2.4900036071994958,48.85971052359408
841,790,1681,1579,1682,1580,162.92716397996531,7.5,6.9,2.4888012217237234,48.86001116814105
842,842,1683,1659,1684,699,140.90768210812084,13.0,6.9,2.4924323086956357,48.85140195133221
843,843,1685,654,1686,1659,42.66020675349337,13.0,6.9,2.491488765549243,48.851942047829986
844,844,1687,774,1688,775,44.064583133934164,13.0,6.9,2.4956389223262425,48.8493605094048
845,845,1689,1689,1690,1555,66.54493694523738,7.5,6.9,2.4900235517272806,48.85078015486141
846,846,1691,1562,1692,1689,54.15406287423896,7.5,6.9,2.4897915544216542,48.85130078543083
847,847,1693,1693,1694,1355,14.1891430967956,7.5,6.9,2.4829639284504283,48.86161389001266
848,848,1695,1357,1696,1693,21.175054879024575,7.5,6.9,2.4829282918220485,48.861771119853124
849,849,1697,1062,1698,1011,272.0402262467104,10.0,7.3,2.4981633023137637,48.84328254206149
850,849,1699,1697,1700,1698,272.6969351591867,10.0,7.3,2.498158533543401,48.84328252205966
851,851,1701,10,1702,1702,72.9046438664661,7.5,6.9,2.5006671912950993,48.86367209602704
852,852,1703,1702,1704,1,48.61041545097179,7.5,6.9,2.499920000647054,48.86390729950124
853,853,1705,874,1706,868,36.80653416106664,34.0,8.6,2.4911663499421643,48.846441179006206
854,853,1707,1705,1708,1706,27.705889094011987,34.0,8.6,2.4911106366619293,48.84635550399876
855,855,1709,1709,1710,1330,79.40224392451641,7.0,6.2,2.481857628128662,48.86183843596933
856,856,1711,1330,1712,1712,165.58853325593194,7.0,6.2,2.481321955828429,48.86081087187933
857,856,1713,1711,1714,1712,166.53464643427677,7.0,6.2,2.481350712413996,48.86079750644631
858,855,1715,1709,1716,1710,77.98429443521938,7.0,6.2,2.4818877034027684,48.86182957282114
859,859,1717,1360,1718,1718,279.38940667231043,7.5,6.9,2.484156695925005,48.85251771990518
860,859,1719,1717,1720,1718,277.73246898738887,7.5,6.9,2.4841655400165306,48.852450307272925
861,861,1721,1269,1722,1722,171.4522131113221,10.0,6.5,2.486712771758637,48.84752385573592
862,861,1723,1721,1724,1722,137.83444254636512,10.0,6.5,2.486487463180367,48.84743295409888
863,861,1725,1721,1726,1722,37.00421721902684,10.0,6.5,2.4876581202085646,48.847559384714536
864,864,1727,1727,1728,1360,245.6876508914255,7.5,6.9,2.487245278989396,48.85323248229731
865,864,1729,1727,1730,1728,245.6876508914255,7.5,6.9,2.487245278989396,48.85323248229731
866,866,1731,523,1732,1732,25.322522409223186,7.5,6.9,2.493282365362191,48.8540271378795
867,867,1733,1732,1734,1675,16.88852768934112,7.5,6.9,2.4930739207636043,48.85394981094642
868,867,1735,1733,1736,1734,20.470752819421847,7.5,6.9,2.493116247872594,48.8538015988885
869,866,1737,1731,1738,1732,23.786842970788257,7.5,6.9,2.493356072287736,48.853735163962426
870,870,1739,1354,1740,523,28.301682594278603,11.0,5.5,2.493488313695342,48.853870625062854
871,871,1741,1741,1742,1742,170.10803606000943,7.5,6.9,2.4875818721649434,48.849978299376104
872,871,1743,1741,1744,1742,169.67637140257668,7.5,6.9,2.487605037785953,48.84997839858543
873,873,1745,1742,1746,1746,124.34650277746087,7.5,6.9,2.4871769361319465,48.84896030381548
874,874,1747,1746,1748,1269,96.29951738821694,7.5,6.9,2.4877125761933163,48.84804976191179
875,874,1749,1747,1750,1748,94.55173790822984,7.5,6.9,2.487747234939595,48.84805890377995
876,873,1751,1745,1752,1746,124.29698294257375,7.5,6.9,2.4872035079399075,48.8489604177052
877,877,1753,1753,1754,24,199.1807194042781,7.5,6.9,2.496464175871355,48.86359153264611
878,877,1755,1753,1756,1754,198.93993841991022,7.5,6.9,2.4964927562570827,48.863596149563115
879,879,1757,1153,1758,1758,25.818317614139723,7.5,6.9,2.5077004046916636,48.854190750285525
880,879,1759,1757,1760,1758,27.55368858095333,7.5,6.9,2.5077236571820594,48.854181852546546
881,881,1761,1360,1762,1762,97.43439528368764,7.5,6.9,2.486440149286474,48.852095857028345
882,882,1763,1762,1764,1741,179.33949499471478,7.5,6.9,2.487616929887562,48.851125114000865
883,883,1765,1741,1766,1746,233.38567136828607,7.5,6.9,2.488018569896423,48.849499018731315
884,883,1767,1765,1768,1766,236.4113813381574,7.5,6.9,2.4880164817058237,48.849503506513855
885,882,1769,1763,1770,1764,180.10684461673566,7.5,6.9,2.4876440957366146,48.851134223768305
886,881,1771,1761,1772,1762,97.3310680363672,7.5,6.9,2.4864577762634017,48.85210492612415
887,887,1773,1773,1774,1330,115.5254556249301,7.0,6.2,2.481026979838721,48.86155154597831
